Timestamp,counts_0,counts_1,humidity,temperature,pressure,Soil Moisture Value,Soil Moisture (%),Soil Temperature (Â°C)
2025-06-06 11:06:20,48,37,68.13,27.9,97.89,327.6666666666667,50.666666666666664,32.21
2025-06-06 11:11:20,45,32,71.5,27.8,97.89,330.6,50.2,32.414
2025-06-06 11:16:20,36,35,71.5,27.8,97.88,332.0,49.8,32.702
2025-06-06 11:21:20,35,27,70.0,28.1,97.87,331.6,49.8,33.04
2025-06-06 11:26:20,30,36,66.14,28.2,97.88,332.4,49.8,33.44
2025-06-06 11:31:20,35,39,67.16,27.8,97.86,332.4,49.8,34.05
2025-06-06 11:36:20,30,31,66.08,28.6,97.87,331.6,49.8,34.164
2025-06-06 11:41:20,34,36,65.9,27.7,97.88,332.2,49.8,34.39
2025-06-06 11:46:20,30,30,70.25,28.0,97.87,333.0,49.6,34.888
2025-06-06 11:51:20,29,37,70.63,28.1,97.87,329.2,50.2,35.226
2025-06-06 11:56:20,33,31,64.25,28.2,97.86,330.4,50.0,36.114
2025-06-06 12:01:20,30,26,65.75,28.6,97.86,328.6,50.4,36.876
2025-06-06 12:06:20,27,37,66.15,28.9,97.87,331.4,50.0,37.763999999999996
2025-06-06 12:11:20,23,35,65.93,29.2,97.87,337.0,48.8,38.688
2025-06-06 12:16:20,26,30,64.42,29.1,97.86,332.6,49.6,38.926
2025-06-06 12:21:20,41,30,69.44,29.3,97.87,330.8,50.2,39.738
2025-06-06 12:26:20,40,32,64.54,29.3,97.85,331.0,50.0,39.628
2025-06-06 12:31:20,35,30,65.41,28.5,97.86,327.6,50.8,39.426
2025-06-06 12:36:20,32,29,64.82,28.6,97.85,328.4,50.2,39.938
2025-06-06 12:41:20,43,34,61.47,28.9,97.84,330.4,50.0,40.501999999999995
2025-06-06 12:46:20,40,34,65.11,29.3,97.84,329.4,50.6,41.102
2025-06-06 12:51:20,29,36,64.25,29.4,97.83,328.0,50.4,41.726
2025-06-06 12:56:20,37,26,58.73,29.7,97.82,329.2,50.2,42.45
2025-06-06 13:01:20,31,36,61.4,29.8,97.82,326.8,50.6,41.814
2025-06-06 13:06:20,26,43,61.71,29.5,97.83,326.6,50.8,41.798
2025-06-06 13:11:20,32,35,58.39,29.9,97.83,325.6,51.0,41.976
2025-06-06 13:16:20,34,38,62.27,29.5,97.84,322.4,51.6,41.902
2025-06-06 13:21:20,35,35,63.83,29.2,97.83,323.8,51.4,40.815999999999995
2025-06-06 13:26:20,35,30,61.44,29.1,97.82,324.4,51.2,40.688
2025-06-06 13:31:20,31,38,58.07,29.5,97.82,325.2,51.0,39.69
2025-06-06 13:36:20,33,31,59.57,29.1,97.81,323.8,51.2,38.775999999999996
2025-06-06 13:41:20,30,24,61.9,29.4,97.81,322.8,51.2,39.19
2025-06-06 13:46:20,32,34,60.9,30.1,97.79,324.8,50.8,40.226
2025-06-06 13:51:20,27,34,59.43,30.2,97.80,321.2,51.8,41.025999999999996
2025-06-06 13:56:20,36,33,56.68,30.8,97.78,323.8,51.2,41.976
2025-06-06 14:01:20,43,34,55.6,30.9,97.78,323.0,51.4,42.688
2025-06-06 14:06:20,28,40,57.06,30.6,97.77,326.4,50.8,42.926
2025-06-06 14:11:20,39,35,56.37,30.4,97.76,321.8,51.8,41.726
2025-06-06 14:16:20,40,33,61.05,29.9,97.76,323.4,51.2,41.874
2025-06-06 14:21:20,29,29,58.63,30.2,97.75,324.2,51.2,41.638
2025-06-06 14:26:20,30,32,58.55,30.1,97.74,324.0,51.0,40.392
2025-06-06 14:31:20,26,37,59.35,29.6,97.73,323.0,51.2,39.338
2025-06-06 14:36:20,30,37,59.6,29.3,97.72,324.0,51.4,39.914
2025-06-06 14:41:20,31,44,59.93,29.7,97.70,323.6,51.2,41.114
2025-06-06 14:46:20,49,33,56.32,30.2,97.69,327.0,50.6,42.226
2025-06-06 14:51:20,41,34,56.23,30.7,97.69,328.4,50.4,43.428
2025-06-06 14:56:20,34,35,53.73,31.2,97.68,328.2,50.6,43.488
2025-06-06 15:01:20,44,29,55.39,30.7,97.67,323.2,51.4,43.513999999999996
2025-06-06 15:06:20,41,38,54.82,30.6,97.67,327.8,50.4,44.39
2025-06-06 15:11:20,34,31,54.99,31.0,97.66,331.4,49.8,45.326
2025-06-06 15:16:20,36,37,55.06,31.1,97.65,328.0,50.6,44.762
2025-06-06 15:21:20,36,31,54.84,30.6,97.64,330.4,50.2,45.726
2025-06-06 15:26:20,31,37,52.95,31.5,97.63,330.6,50.2,46.538
2025-06-06 15:31:20,33,35,52.76,31.6,97.61,328.0,50.8,46.751999999999995
2025-06-06 15:36:20,25,36,52.27,31.4,97.61,326.8,50.8,46.263999999999996
2025-06-06 15:41:20,29,42,54.81,30.9,97.60,326.0,51.0,46.839999999999996
2025-06-06 15:46:20,28,32,53.84,31.3,97.60,326.8,50.8,47.489999999999995
2025-06-06 15:51:20,38,33,54.13,31.4,97.59,327.0,50.8,47.888
2025-06-06 15:56:20,31,38,57.05,31.4,97.59,325.6,51.2,48.302
2025-06-06 16:01:20,43,38,50.97,31.6,97.58,327.6,50.6,48.552
2025-06-06 16:06:20,41,31,53.26,31.8,97.57,328.0,50.6,48.44
2025-06-06 16:11:20,38,30,54.57,31.6,97.55,326.4,50.8,48.202
2025-06-06 16:16:20,38,41,53.35,31.2,97.54,327.2,50.8,47.424
2025-06-06 16:21:20,39,29,54.59,31.4,97.55,326.5,50.75,46.3125
2025-06-06 16:26:20,34,30,54.26,31.1,97.54,328.0,50.6,45.501999999999995
2025-06-06 16:31:20,30,21,53.7,31.0,97.53,328.6,50.4,44.064
2025-06-06 16:36:20,40,32,57.6,30.4,97.52,324.8,51.0,44.726
2025-06-06 16:41:20,38,28,58.49,31.4,97.51,325.6,50.8,45.25
2025-06-06 16:46:20,35,27,55.15,31.7,97.52,325.6,51.2,45.763999999999996
2025-06-06 16:51:20,27,35,52.91,31.6,97.52,323.8,51.4,46.176
2025-06-06 16:56:20,41,34,54.61,31.7,97.52,324.2,51.2,46.238
2025-06-06 17:01:20,22,29,52.89,31.6,97.52,325.6,51.0,46.126
2025-06-06 17:06:20,34,31,53.69,31.5,97.52,325.6,51.0,45.964
2025-06-06 17:11:20,33,39,55.42,31.3,97.54,326.4,50.8,44.9
2025-06-06 17:16:20,35,35,54.79,30.9,97.54,326.2,51.0,45.076
2025-06-06 17:21:20,26,30,55.84,31.3,97.54,326.6,50.8,45.364
2025-06-06 17:26:20,38,29,54.44,31.7,97.54,328.8,50.4,45.378
2025-06-06 17:31:20,33,43,56.49,31.6,97.54,326.6,51.0,44.688
2025-06-06 17:36:20,34,43,54.75,31.1,97.55,329.2,50.4,43.39
2025-06-06 17:41:20,38,34,55.98,30.8,97.54,327.4,50.6,42.338
2025-06-06 17:46:20,33,35,56.57,30.7,97.53,329.0,50.4,41.576
2025-06-06 17:51:20,27,28,58.03,30.7,97.52,329.4,50.4,40.664
2025-06-06 17:56:20,34,33,57.53,30.7,97.52,328.6,50.6,39.614
2025-06-06 18:01:20,20,36,57.81,30.3,97.52,329.2,50.4,38.588
2025-06-06 18:06:20,39,37,59.02,30.1,97.51,330.4,50.0,37.714
2025-06-06 18:11:20,41,36,62.31,30.0,97.50,331.0,50.0,36.95
2025-06-06 18:16:20,36,23,59.87,30.0,97.49,329.6,50.2,36.35
2025-06-06 18:21:20,19,23,62.28,30.0,97.49,330.0,50.2,35.9
2025-06-06 18:26:20,35,35,62.17,29.9,97.48,329.4,50.4,35.564
2025-06-06 18:31:20,34,37,62.29,29.9,97.48,329.2,50.4,35.251999999999995
2025-06-06 18:36:20,39,34,62.98,29.9,97.48,330.4,50.0,34.976
2025-06-06 18:41:20,38,40,65.76,29.9,97.47,331.6,49.8,34.726
2025-06-06 18:46:20,37,33,62.17,30.0,97.47,331.0,50.0,34.438
2025-06-06 18:51:20,30,27,62.81,29.7,97.48,330.4,50.0,34.102
2025-06-06 18:56:20,27,27,61.51,29.7,97.47,331.4,50.2,33.69
2025-06-06 19:01:20,33,39,64.82,29.3,97.47,330.8,50.2,33.263999999999996
2025-06-06 19:06:20,33,25,65.12,29.2,97.48,333.4,49.4,32.763999999999996
2025-06-06 19:11:20,40,32,66.01,29.2,97.49,336.6,48.8,32.314
2025-06-06 19:16:20,27,35,66.7,29.0,97.50,334.8,49.2,31.874000000000002
2025-06-06 19:21:20,45,37,65.4,28.8,97.51,333.0,49.6,31.448
2025-06-06 19:26:20,46,29,68.49,28.6,97.50,332.2,49.6,31.024
2025-06-06 19:31:20,43,22,69.19,28.3,97.51,333.2,49.6,30.674
2025-06-06 19:36:20,36,33,69.37,28.1,97.52,333.6,49.6,30.336000000000002
2025-06-06 19:41:20,30,34,70.3,28.0,97.51,333.8,49.4,30.024
2025-06-06 19:46:20,42,35,70.5,27.9,97.51,336.4,48.8,29.774
2025-06-06 19:51:20,42,39,71.16,27.7,97.50,333.6,49.6,29.524
2025-06-06 19:56:20,38,35,71.04,27.6,97.50,331.8,49.6,29.274
2025-06-06 20:01:20,40,36,72.32,27.7,97.51,332.8,49.6,29.060000000000002
2025-06-06 20:06:20,36,32,73.22,27.7,97.54,332.2,49.8,28.848000000000003
2025-06-06 20:11:20,34,37,73.01,27.5,97.57,335.2,49.2,28.636000000000003
2025-06-06 20:16:20,36,32,73.88,27.4,97.57,333.2,49.6,28.412
2025-06-06 20:21:20,43,40,72.72,27.4,97.58,336.8,48.8,28.238
2025-06-06 20:26:20,46,33,71.92,27.5,97.56,335.0,49.2,28.072000000000003
2025-06-06 20:31:20,35,34,71.81,27.7,97.57,334.2,49.4,27.924
2025-06-06 20:36:20,45,26,71.09,27.6,97.57,337.2,48.8,27.786
2025-06-06 20:41:20,39,49,72.18,27.6,97.56,336.6,49.0,27.622000000000003
2025-06-06 20:46:20,36,32,72.71,27.5,97.55,335.2,49.2,27.462
2025-06-06 20:51:20,27,24,71.82,27.4,97.54,337.2,49.0,27.298000000000002
2025-06-06 20:56:20,41,33,74.22,27.2,97.54,336.8,48.8,27.148000000000003
2025-06-06 21:01:20,44,17,76.6,26.8,97.56,335.2,49.2,27.0
2025-06-06 21:06:20,31,36,76.36,26.6,97.58,333.6,49.2,26.884000000000004
2025-06-06 21:11:20,32,38,76.36,26.4,97.58,333.6,49.4,26.762
2025-06-06 21:16:20,38,29,77.18,26.5,97.58,332.8,49.4,26.662
2025-06-06 21:21:20,41,42,76.36,26.4,97.58,333.6,49.2,26.595999999999997
2025-06-06 21:26:20,36,38,76.38,26.8,97.60,339.2,48.2,26.488
2025-06-06 21:31:20,41,35,79.61,26.5,97.61,337.8,48.6,26.286
2025-06-06 21:36:20,37,28,84.23,26.0,97.62,334.2,49.2,26.048000000000002
2025-06-06 21:41:20,31,30,89.03,25.0,97.63,332.8,49.6,25.736
2025-06-06 21:46:20,37,40,89.15,24.7,97.62,334.6,49.0,25.424
2025-06-06 21:51:20,24,37,91.15,24.2,97.58,333.8,49.4,25.136000000000003
2025-06-06 21:56:20,30,25,94.23,24.0,97.58,334.0,49.4,24.874000000000002
2025-06-06 22:01:20,29,32,95.88,23.9,97.65,335.2,49.2,24.674
2025-06-06 22:06:20,40,26,95.75,23.8,97.66,336.0,49.2,24.488
2025-06-06 22:11:20,29,34,95.76,23.5,97.65,339.8,48.2,24.322
2025-06-06 22:16:20,26,41,96.07,23.5,97.65,338.4,48.6,24.188
2025-06-06 22:21:20,33,21,96.73,23.5,97.65,339.2,48.2,24.035999999999998
2025-06-06 22:26:20,30,29,96.52,23.2,97.68,338.8,48.8,23.898000000000003
2025-06-06 22:31:20,35,28,96.32,23.3,97.68,335.75,49.25,23.825
2025-06-06 22:36:20,34,36,96.58,23.0,97.66,337.0,48.8,23.726
2025-06-06 22:41:20,39,38,96.61,23.1,97.65,341.4,48.2,23.622000000000003
2025-06-06 22:46:20,50,39,96.52,22.9,97.63,339.8,48.2,23.512
2025-06-06 22:51:20,33,36,96.81,22.9,97.64,338.4,48.4,23.412000000000003
2025-06-06 22:56:20,36,36,96.78,22.8,97.64,338.4,48.6,23.322
2025-06-06 23:01:20,30,38,96.89,22.8,97.63,340.6,48.2,23.226
2025-06-06 23:06:20,37,33,96.79,22.7,97.62,341.6,48.0,23.134000000000004
2025-06-06 23:11:20,30,24,97.2,22.6,97.60,344.6,47.6,23.072
2025-06-06 23:16:20,37,30,97.49,22.6,97.57,343.0,47.8,23.035999999999998
2025-06-06 23:21:20,29,35,97.64,22.3,97.57,340.4,48.0,22.988
2025-06-06 23:26:20,31,33,97.53,22.5,97.57,340.2,48.2,22.912000000000003
2025-06-06 23:31:20,35,35,97.94,22.3,97.58,344.2,47.4,22.858
2025-06-06 23:36:20,29,35,98.23,22.4,97.58,337.4,48.6,22.798
2025-06-06 23:41:20,47,22,97.86,22.4,97.58,341.4,48.0,22.738
2025-06-06 23:46:20,50,32,98.05,22.4,97.57,341.4,48.0,22.69
2025-06-06 23:51:20,29,41,98.46,22.4,97.58,338.0,48.6,22.62
2025-06-06 23:56:20,36,33,98.5,22.3,97.57,340.4,48.2,22.596
2025-06-07 00:01:20,31,26,98.12,22.2,97.56,339.2,48.2,22.548
2025-06-07 00:06:20,27,35,98.57,22.2,97.57,343.2,47.8,22.5
2025-06-07 00:11:20,32,32,98.76,22.2,97.57,337.8,48.8,22.488
2025-06-07 00:16:20,32,31,98.24,22.2,97.56,340.2,48.4,22.451999999999998
2025-06-07 00:21:20,29,34,98.45,22.0,97.56,338.2,48.4,22.398000000000003
2025-06-07 00:26:20,31,26,98.64,22.0,97.56,339.4,48.2,22.37
2025-06-07 00:31:20,36,36,98.99,22.1,97.56,339.4,48.6,22.334
2025-06-07 00:36:20,44,36,98.46,22.1,97.57,339.2,48.4,22.31
2025-06-07 00:41:20,31,36,98.57,22.1,97.56,337.0,48.8,22.25
2025-06-07 00:46:20,22,26,98.98,22.0,97.56,339.0,48.4,22.25
2025-06-07 00:51:20,24,34,98.78,21.8,97.54,338.6,48.6,22.201999999999998
2025-06-07 00:56:20,28,27,98.78,21.8,97.55,336.8,49.0,22.19
2025-06-07 01:01:20,34,35,98.79,21.9,97.55,337.6,48.8,22.176000000000002
2025-06-07 01:06:20,32,37,99.17,22.0,97.56,336.2,49.0,22.12
2025-06-07 01:11:20,31,25,99.13,22.0,97.56,337.8,48.6,22.12
2025-06-07 01:16:20,31,27,98.72,22.0,97.57,340.4,48.2,22.096
2025-06-07 01:21:20,41,20,98.72,22.0,97.56,340.0,48.2,22.072
2025-06-07 01:26:20,39,33,98.99,22.1,97.55,342.8,47.8,22.084
2025-06-07 01:31:20,34,20,99.39,22.3,97.55,339.8,48.4,22.12
2025-06-07 01:36:20,36,32,98.97,22.4,97.55,339.2,48.4,22.134
2025-06-07 01:41:20,23,26,98.98,22.3,97.54,344.4,47.4,22.12
2025-06-07 01:46:20,28,43,99.4,22.2,97.52,342.0,47.8,22.12
2025-06-07 01:51:20,36,27,99.17,22.1,97.52,338.2,48.4,22.12
2025-06-07 01:56:20,34,33,99.06,22.2,97.51,342.2,48.0,22.096
2025-06-07 02:01:20,35,37,98.87,22.1,97.51,338.0,48.6,22.06
2025-06-07 02:06:20,29,33,98.83,22.0,97.51,340.0,48.4,22.048
2025-06-07 02:11:20,35,25,98.8,22.1,97.51,335.6,49.2,22.0
2025-06-07 02:16:20,32,29,98.87,22.1,97.51,336.2,49.0,22.0
2025-06-07 02:21:20,41,35,99.02,22.1,97.51,340.8,48.0,21.976
2025-06-07 02:26:20,30,25,99.02,22.1,97.49,341.2,48.2,21.976
2025-06-07 02:31:20,36,29,99.21,22.0,97.49,339.6,48.4,21.94
2025-06-07 02:36:20,31,33,99.17,22.0,97.49,340.6,48.2,21.94
2025-06-07 02:41:20,33,28,99.36,22.0,97.48,342.2,47.6,21.926000000000002
2025-06-07 02:46:20,37,33,99.48,22.0,97.47,340.6,48.2,21.884000000000004
2025-06-07 02:51:20,35,34,99.55,22.1,97.47,339.0,48.2,21.87
2025-06-07 02:56:20,39,32,99.06,22.2,97.47,342.2,48.0,21.87
2025-06-07 03:01:20,38,21,99.36,22.0,97.46,339.0,48.4,21.846
2025-06-07 03:06:20,36,38,98.98,21.9,97.46,339.2,48.4,21.822
2025-06-07 03:11:20,28,40,98.98,22.0,97.46,339.6,48.2,21.81
2025-06-07 03:16:20,41,28,99.51,22.0,97.47,341.6,47.8,21.81
2025-06-07 03:21:20,43,27,99.59,22.0,97.47,341.0,48.0,21.81
2025-06-07 03:26:20,40,31,99.28,21.9,97.47,341.2,48.0,21.762
2025-06-07 03:31:20,35,29,99.43,21.8,97.46,339.2,48.4,21.75
2025-06-07 03:36:20,33,30,99.45,21.6,97.46,340.6,48.0,21.714
2025-06-07 03:41:20,33,38,99.11,21.7,97.47,341.6,47.8,21.69
2025-06-07 03:46:20,29,31,99.31,21.8,97.47,338.0,48.6,21.662000000000003
2025-06-07 03:51:20,32,31,99.7,21.8,97.47,340.0,48.2,21.608
2025-06-07 03:56:20,34,32,99.45,21.6,97.47,336.8,49.0,21.608
2025-06-07 04:01:20,34,36,99.06,21.6,97.47,340.0,48.2,21.56
2025-06-07 04:06:20,25,36,99.21,21.6,97.46,339.2,48.4,21.548
2025-06-07 04:11:20,34,21,99.31,21.8,97.46,338.0,48.4,21.512
2025-06-07 04:16:20,40,33,99.23,21.7,97.47,339.4,48.2,21.512
2025-06-07 04:21:20,41,21,99.23,21.7,97.47,340.2,48.2,21.5
2025-06-07 04:26:20,33,26,99.29,21.6,97.47,341.4,47.8,21.5
2025-06-07 04:31:20,44,35,99.55,21.5,97.47,343.8,47.4,21.464
2025-06-07 04:36:20,29,31,99.41,21.6,97.47,339.6,48.2,21.44
2025-06-07 04:41:20,32,38,99.47,21.5,97.47,341.4,48.0,21.44
2025-06-07 04:46:20,39,30,99.78,21.5,97.47,340.25,48.0,21.387500000000003
2025-06-07 04:51:20,44,44,99.46,21.7,97.47,339.4,48.2,21.37
2025-06-07 04:56:20,26,29,99.63,21.5,97.48,342.0,47.8,21.358
2025-06-07 05:01:20,37,32,99.68,21.6,97.49,339.6,48.2,21.37
2025-06-07 05:06:20,53,24,99.56,21.6,97.48,337.6,48.8,21.31
2025-06-07 05:11:20,34,34,99.82,21.5,97.49,338.4,48.4,21.31
2025-06-07 05:16:20,34,26,99.56,21.6,97.49,339.4,48.4,21.31
2025-06-07 05:21:20,32,33,99.45,21.4,97.49,339.8,48.2,21.285999999999998
2025-06-07 05:26:20,28,37,99.9,21.3,97.49,342.0,48.0,21.25
2025-06-07 05:31:20,31,39,99.7,21.5,97.48,342.2,47.8,21.226
2025-06-07 05:36:20,46,30,99.45,21.4,97.48,339.4,48.2,21.19
2025-06-07 05:41:20,44,34,99.8,21.6,97.47,340.0,48.2,21.19
2025-06-07 05:46:20,43,44,99.73,21.7,97.47,339.4,48.4,21.19
2025-06-07 05:51:20,31,28,100.07,21.6,97.48,340.4,48.2,21.19
2025-06-07 05:56:20,40,31,100.03,21.6,97.49,341.4,48.0,21.19
2025-06-07 06:01:20,32,27,99.66,21.5,97.49,341.4,48.0,21.19
2025-06-07 06:06:20,29,38,99.86,21.5,97.49,341.0,48.0,21.148000000000003
2025-06-07 06:11:20,40,40,99.59,21.5,97.49,339.8,48.4,21.12
2025-06-07 06:16:20,34,31,99.64,21.6,97.50,337.8,48.8,21.134
2025-06-07 06:21:20,31,31,99.59,21.5,97.50,339.6,48.4,21.148000000000003
2025-06-07 06:26:20,39,40,99.92,21.4,97.51,343.2,47.6,21.19
2025-06-07 06:31:20,37,32,99.51,21.3,97.50,342.0,48.0,21.202
2025-06-07 06:36:20,38,34,99.82,21.3,97.51,345.0,47.6,21.238
2025-06-07 06:41:20,37,36,99.68,21.2,97.52,346.0,47.2,21.25
2025-06-07 06:46:20,38,35,100.14,21.3,97.52,342.6,48.0,21.286
2025-06-07 06:51:20,43,41,100.04,21.4,97.52,343.0,47.8,21.358
2025-06-07 06:56:20,28,27,100.08,21.4,97.51,343.2,47.6,21.5
2025-06-07 07:01:20,33,38,99.64,21.6,97.51,344.4,47.6,21.674
2025-06-07 07:06:20,38,42,99.83,21.6,97.51,343.4,47.8,21.86
2025-06-07 07:11:20,41,41,99.96,21.7,97.50,346.0,47.2,22.060000000000002
2025-06-07 07:16:20,24,29,99.66,21.9,97.50,343.6,47.6,22.238
2025-06-07 07:21:20,39,40,100.04,21.8,97.49,344.4,47.6,22.334
2025-06-07 07:26:20,41,26,99.85,21.9,97.49,343.2,47.6,22.412
2025-06-07 07:31:20,25,40,99.66,21.8,97.49,344.6,47.4,22.44
2025-06-07 07:36:20,35,27,99.7,22.0,97.50,343.4,47.6,22.452
2025-06-07 07:41:20,43,34,99.97,21.8,97.50,343.2,47.8,22.548000000000002
2025-06-07 07:46:20,37,27,99.97,22.0,97.50,343.6,47.8,22.7
2025-06-07 07:51:20,34,26,99.82,22.0,97.50,344.6,47.6,22.822000000000003
2025-06-07 07:56:20,36,33,99.66,22.2,97.50,340.8,48.2,22.912
2025-06-07 08:01:20,29,35,99.97,22.0,97.50,345.4,47.4,23.012
2025-06-07 08:06:20,42,32,99.55,22.2,97.50,342.2,48.0,23.122
2025-06-07 08:11:20,36,34,99.5,22.3,97.50,343.4,47.8,23.214000000000002
2025-06-07 08:16:20,38,47,100.03,22.2,97.50,342.6,48.0,23.274
2025-06-07 08:21:20,27,35,99.4,22.2,97.51,340.6,48.2,23.358
2025-06-07 08:26:20,28,32,99.4,22.2,97.50,345.2,47.4,23.44
2025-06-07 08:31:20,32,33,99.65,22.3,97.51,343.2,47.6,23.536
2025-06-07 08:36:20,36,21,99.39,22.3,97.51,343.4,47.6,23.584
2025-06-07 08:41:20,29,30,98.68,22.4,97.51,342.0,47.8,23.676
2025-06-07 08:46:20,38,36,98.93,22.5,97.51,340.6,48.2,23.762
2025-06-07 08:51:20,36,28,98.82,22.5,97.53,342.2,48.0,23.962
2025-06-07 08:56:20,37,21,98.55,22.6,97.53,341.8,47.8,24.11
2025-06-07 09:01:20,34,30,98.5,22.7,97.53,340.6,48.2,24.324
2025-06-07 09:06:20,40,23,98.75,22.9,97.53,339.4,48.4,24.624000000000002
2025-06-07 09:11:20,32,38,97.89,22.9,97.54,344.8,47.4,24.912
2025-06-07 09:16:20,39,33,98.38,23.1,97.55,342.4,48.2,25.186
2025-06-07 09:21:20,27,27,97.9,23.3,97.54,343.8,47.6,25.45
2025-06-07 09:26:20,32,36,96.78,23.1,97.55,341.2,48.0,25.586000000000002
2025-06-07 09:31:20,29,29,96.67,23.3,97.56,341.6,48.0,25.85
2025-06-07 09:36:20,29,41,96.55,23.5,97.55,342.0,48.0,26.036
2025-06-07 09:41:20,40,38,95.5,23.4,97.56,338.8,48.6,26.212
2025-06-07 09:46:20,25,20,95.93,23.5,97.56,342.2,47.8,26.462
2025-06-07 09:51:20,35,28,95.3,23.7,97.55,342.8,47.8,26.736
2025-06-07 09:56:20,28,30,95.65,24.0,97.55,341.0,48.2,26.833999999999996
2025-06-07 10:01:20,38,29,95.78,24.1,97.54,342.0,48.0,26.924
2025-06-07 10:06:20,37,36,93.24,24.1,97.55,342.2,48.0,27.410000000000004
2025-06-07 10:11:20,23,37,92.5,24.6,97.55,342.2,47.8,27.776
2025-06-07 10:16:20,30,31,88.76,24.9,97.56,338.0,48.8,28.262
2025-06-07 10:21:20,31,29,89.6,25.0,97.55,339.8,48.4,28.75
2025-06-07 10:26:20,38,39,89.62,25.4,97.54,340.0,48.2,29.222
2025-06-07 10:31:20,40,30,88.79,25.3,97.54,342.0,47.8,29.85
2025-06-07 10:36:20,28,24,90.34,25.9,97.54,342.2,47.8,29.936
2025-06-07 10:41:20,35,33,85.96,25.8,97.55,343.2,47.6,29.912
2025-06-07 10:46:20,32,34,87.16,25.6,97.54,340.0,48.2,30.036
2025-06-07 10:51:20,32,38,87.28,25.8,97.54,339.6,48.2,30.25
2025-06-07 10:56:20,29,30,83.84,26.0,97.53,343.0,47.6,30.464
2025-06-07 11:01:20,31,28,85.39,26.2,97.52,341.5,48.0,30.7325
2025-06-07 11:06:20,27,35,85.22,26.3,97.52,342.0,47.8,30.845999999999997
2025-06-07 11:11:20,42,26,83.81,26.3,97.51,342.4,47.6,30.824
2025-06-07 11:16:20,47,31,82.14,26.3,97.50,340.4,48.0,31.064
2025-06-07 11:21:20,26,31,81.78,27.0,97.48,339.0,48.4,31.224
2025-06-07 11:26:20,35,28,82.8,27.2,97.49,339.6,48.2,31.596000000000004
2025-06-07 11:31:20,41,30,82.59,27.5,97.49,339.8,48.2,32.0
2025-06-07 11:36:20,30,41,79.59,27.4,97.49,339.6,48.2,32.414
2025-06-07 11:41:20,28,31,77.12,27.6,97.49,341.4,48.0,32.762
2025-06-07 11:46:20,33,40,75.99,27.7,97.50,342.0,47.8,33.0
2025-06-07 11:51:20,33,33,75.75,27.7,97.50,341.4,48.2,33.15
2025-06-07 11:56:20,29,37,77.03,27.8,97.52,341.0,48.0,33.126
2025-06-07 12:01:20,30,30,76.75,27.5,97.52,340.8,48.0,33.726
2025-06-07 12:06:20,41,28,76.59,28.1,97.51,342.2,47.8,34.462
2025-06-07 12:11:20,35,30,74.3,28.3,97.51,341.4,47.8,34.952
2025-06-07 12:16:20,31,34,73.53,28.2,97.51,339.4,48.2,35.552
2025-06-07 12:21:20,35,38,72.76,28.6,97.51,340.2,48.0,35.804
2025-06-07 12:26:20,45,36,72.97,28.6,97.51,340.0,48.2,36.512
2025-06-07 12:31:20,50,36,71.69,28.2,97.51,337.2,48.8,36.254
2025-06-07 12:36:20,35,26,73.06,28.1,97.51,336.2,48.8,36.652
2025-06-07 12:41:20,38,35,75.48,28.5,97.52,339.2,48.4,37.488
2025-06-07 12:46:20,32,24,71.27,28.8,97.51,339.8,48.4,38.076
2025-06-07 12:51:20,30,34,70.76,29.2,97.51,337.4,48.8,38.564
2025-06-07 12:56:20,35,32,66.67,29.2,97.51,336.0,49.2,38.852
2025-06-07 13:01:20,31,33,72.87,28.9,97.51,337.4,48.8,38.94
2025-06-07 13:06:20,44,33,71.09,29.1,97.51,336.2,49.0,39.126
2025-06-07 13:11:20,47,32,70.71,28.7,97.50,336.6,48.8,39.438
2025-06-07 13:16:20,46,30,67.94,29.3,97.50,337.4,48.8,39.964
2025-06-07 13:21:20,31,31,71.73,30.1,97.50,337.2,48.6,40.426
2025-06-07 13:26:20,33,29,63.77,30.0,97.49,335.6,49.2,39.838
2025-06-07 13:31:20,38,38,62.1,29.4,97.48,334.2,49.2,38.6
2025-06-07 13:36:20,33,38,69.4,29.0,97.47,334.2,49.2,37.452
2025-06-07 13:41:20,31,35,70.18,28.3,97.48,337.0,48.8,37.302
2025-06-07 13:46:20,38,28,66.44,28.7,97.47,335.8,48.8,38.064
2025-06-07 13:51:20,30,33,67.09,29.5,97.47,337.4,48.8,39.19
2025-06-07 13:56:20,27,31,67.11,30.2,97.45,335.8,48.8,40.214
2025-06-07 14:01:20,34,33,62.68,30.4,97.44,335.0,49.0,40.952
2025-06-07 14:06:20,38,41,61.87,30.4,97.45,335.2,49.2,41.388
2025-06-07 14:11:20,39,31,64.21,31.0,97.44,335.4,49.2,41.202
2025-06-07 14:16:20,24,33,65.36,30.4,97.44,334.4,49.2,41.412
2025-06-07 14:21:20,33,21,64.34,30.4,97.44,335.2,49.2,41.839999999999996
2025-06-07 14:26:20,41,30,60.92,30.2,97.43,334.8,49.0,42.025999999999996
2025-06-07 14:31:20,33,46,61.53,30.0,97.41,336.4,48.8,42.513999999999996
2025-06-07 14:36:20,36,41,64.13,30.5,97.41,336.8,48.8,42.114
2025-06-07 14:41:20,37,32,63.08,30.1,97.41,334.8,49.4,42.263999999999996
2025-06-07 14:46:20,30,27,62.64,30.5,97.40,336.6,49.0,42.35
2025-06-07 14:51:20,38,38,64.04,30.6,97.41,336.8,49.0,42.812
2025-06-07 14:56:20,41,35,62.8,30.5,97.40,338.4,48.4,43.512
2025-06-07 15:01:20,46,35,60.85,30.9,97.39,335.2,49.2,42.878
2025-06-07 15:06:20,36,37,61.45,30.4,97.40,336.0,49.0,43.016
2025-06-07 15:11:20,37,34,62.07,30.5,97.39,335.8,49.0,43.188
2025-06-07 15:16:20,35,37,60.78,30.4,97.38,337.8,48.6,43.788
2025-06-07 15:21:20,36,34,58.63,31.1,97.38,336.6,48.8,44.378
2025-06-07 15:26:20,31,44,63.09,30.8,97.36,336.2,49.0,44.938
2025-06-07 15:31:20,39,42,59.64,30.9,97.36,336.0,49.0,44.25
2025-06-07 15:36:20,42,33,62.36,30.7,97.36,334.4,49.2,43.589999999999996
2025-06-07 15:41:20,33,34,61.53,30.8,97.35,336.2,49.0,43.153999999999996
2025-06-07 15:46:20,29,30,62.18,30.7,97.34,335.4,49.0,42.574
2025-06-07 15:51:20,30,23,62.29,30.6,97.34,336.2,48.8,42.502
2025-06-07 15:56:20,28,28,64.62,30.5,97.34,336.2,49.2,43.326
2025-06-07 16:01:20,41,30,59.87,30.7,97.33,336.0,49.0,43.95
2025-06-07 16:06:20,37,36,62.17,30.9,97.33,335.0,49.2,44.763999999999996
2025-06-07 16:11:20,41,34,62.16,31.2,97.33,334.6,49.6,45.614
2025-06-07 16:16:20,39,27,61.58,31.6,97.33,336.0,49.0,46.378
2025-06-07 16:21:20,45,28,58.26,31.6,97.33,338.6,48.6,46.44
2025-06-07 16:26:20,40,39,59.04,31.3,97.33,336.2,48.8,44.902
2025-06-07 16:31:20,31,32,60.98,30.7,97.30,335.8,49.0,43.263999999999996
2025-06-07 16:36:20,34,34,60.76,30.5,97.30,335.4,49.0,41.816
2025-06-07 16:41:20,31,37,60.41,30.2,97.32,337.0,48.8,40.251999999999995
2025-06-07 16:46:20,41,27,61.34,30.0,97.33,338.4,48.8,38.626
2025-06-07 16:51:20,41,38,64.69,29.7,97.34,336.8,49.0,37.076
2025-06-07 16:56:20,29,39,67.18,29.3,97.33,338.6,48.4,35.653999999999996
2025-06-07 17:01:20,49,41,66.0,29.0,97.33,338.2,48.6,34.324
2025-06-07 17:06:20,38,35,67.56,28.7,97.34,336.2,49.2,33.128
2025-06-07 17:11:20,41,28,72.64,28.1,97.36,335.75,49.0,32.125
2025-06-07 17:16:20,30,48,77.13,27.2,97.41,338.2,48.4,31.036
2025-06-07 17:21:20,34,40,83.88,25.2,97.40,341.6,48.0,29.636000000000003
2025-06-07 17:26:20,33,38,89.23,24.8,97.42,342.6,48.0,28.360000000000003
2025-06-07 17:31:20,35,39,91.52,24.5,97.45,343.2,47.6,27.486
2025-06-07 17:36:20,30,39,93.02,24.6,97.56,338.8,48.6,26.748
2025-06-07 17:41:20,43,25,89.86,23.4,97.64,341.8,48.0,25.936
2025-06-07 17:46:20,39,26,90.93,21.9,97.61,345.6,47.2,25.060000000000002
2025-06-07 17:51:20,43,27,93.27,21.2,97.58,336.6,48.8,24.26
2025-06-07 17:56:20,38,26,93.34,21.0,97.51,340.8,48.0,23.662
2025-06-07 18:01:20,35,30,92.65,21.0,97.49,339.2,48.6,23.186
2025-06-07 18:06:20,44,35,94.65,21.1,97.48,341.0,48.0,22.848000000000003
2025-06-07 18:11:20,34,30,94.22,21.0,97.44,341.0,47.8,22.636000000000003
2025-06-07 18:16:20,35,36,95.22,20.8,97.40,337.0,48.6,22.464
2025-06-07 18:21:20,43,39,94.86,20.8,97.38,339.4,48.4,22.346
2025-06-07 18:26:20,26,39,95.36,20.7,97.37,342.2,47.8,22.25
2025-06-07 18:31:20,35,35,96.24,20.8,97.36,340.0,48.6,22.122000000000003
2025-06-07 18:36:20,36,34,96.98,20.8,97.37,338.4,48.8,22.084
2025-06-07 18:41:20,38,27,96.69,20.6,97.36,340.4,48.2,22.06
2025-06-07 18:46:20,34,33,96.9,20.8,97.36,336.4,49.0,22.036
2025-06-07 18:51:20,27,43,96.87,20.9,97.31,341.8,48.0,22.072
2025-06-07 18:56:20,40,23,96.46,20.9,97.30,337.2,49.0,22.134
2025-06-07 19:01:20,36,30,96.77,20.8,97.31,338.6,48.6,22.202
2025-06-07 19:06:20,36,43,96.63,20.9,97.30,340.0,48.4,22.274
2025-06-07 19:11:20,27,39,97.23,20.9,97.29,338.2,48.6,22.41
2025-06-07 19:16:20,39,32,97.12,21.0,97.29,336.2,49.0,22.612000000000002
2025-06-07 19:21:20,36,26,97.33,21.3,97.30,339.4,48.4,22.862000000000002
2025-06-07 19:26:20,27,35,96.94,21.3,97.31,336.0,49.4,23.072000000000003
2025-06-07 19:31:20,38,29,96.5,21.3,97.33,338.8,48.6,23.226
2025-06-07 19:36:20,36,37,96.3,21.3,97.33,337.8,48.8,23.286
2025-06-07 19:41:20,41,29,95.67,21.3,97.32,335.4,49.4,23.31
2025-06-07 19:46:20,33,40,95.6,21.4,97.33,336.8,49.0,23.31
2025-06-07 19:51:20,36,30,95.33,21.5,97.33,335.0,49.2,23.31
2025-06-07 19:56:20,39,37,95.09,21.5,97.33,337.8,48.8,23.31
2025-06-07 20:01:20,41,34,95.49,21.6,97.34,335.4,49.4,23.31
2025-06-07 20:06:20,33,32,95.6,21.7,97.35,337.6,48.8,23.25
2025-06-07 20:11:20,33,28,95.49,21.6,97.34,335.2,49.4,23.148000000000003
2025-06-07 20:16:20,33,29,95.64,21.7,97.35,336.2,49.0,23.048
2025-06-07 20:21:20,35,30,95.6,21.4,97.36,336.8,49.0,22.898000000000003
2025-06-07 20:26:20,34,32,95.24,21.4,97.36,338.2,48.6,22.762
2025-06-07 20:31:20,32,36,95.41,21.5,97.37,336.2,49.0,22.636000000000003
2025-06-07 20:36:20,46,27,96.31,21.4,97.37,338.0,48.8,22.488
2025-06-07 20:41:20,39,42,96.62,21.4,97.38,335.2,49.2,22.346
2025-06-07 20:46:20,39,34,96.7,21.3,97.38,337.2,49.0,22.238
2025-06-07 20:51:20,29,37,96.9,21.4,97.38,335.6,49.0,22.108
2025-06-07 20:56:20,41,46,97.25,21.2,97.39,336.4,49.0,21.988
2025-06-07 21:01:20,33,35,97.37,21.1,97.39,338.4,48.6,21.872000000000003
2025-06-07 21:06:20,36,35,97.41,21.1,97.39,337.8,48.8,21.774
2025-06-07 21:11:20,36,33,97.65,21.1,97.39,336.8,48.8,21.701999999999998
2025-06-07 21:16:20,50,33,97.93,21.1,97.40,337.2,48.8,21.596
2025-06-07 21:21:20,32,30,97.65,21.1,97.40,335.8,49.0,21.535999999999998
2025-06-07 21:26:20,36,38,97.93,21.1,97.40,337.2,48.8,21.476
2025-06-07 21:31:20,28,25,97.81,21.0,97.40,337.4,48.8,21.412000000000003
2025-06-07 21:36:20,28,39,97.4,21.0,97.41,337.0,49.0,21.358
2025-06-07 21:41:20,33,41,97.84,20.9,97.41,336.4,48.8,21.322
2025-06-07 21:46:20,33,38,97.56,20.9,97.42,338.0,48.8,21.274
2025-06-07 21:51:20,28,26,98.13,20.9,97.41,336.2,49.2,21.201999999999998
2025-06-07 21:56:20,33,38,98.13,20.9,97.41,339.4,48.4,21.162
2025-06-07 22:01:20,35,26,97.75,20.8,97.43,341.0,48.4,21.108
2025-06-07 22:06:20,30,33,97.59,20.8,97.43,339.4,48.4,21.072
2025-06-07 22:11:20,32,28,97.94,20.7,97.42,339.6,48.4,21.06
2025-06-07 22:16:20,40,40,97.98,20.7,97.43,339.8,48.4,21.024
2025-06-07 22:21:20,34,34,98.0,20.8,97.42,338.8,48.6,21.0
2025-06-07 22:26:20,25,36,97.85,20.6,97.42,338.4,48.4,20.964
2025-06-07 22:31:20,32,24,97.6,20.6,97.42,340.0,48.0,20.912000000000003
2025-06-07 22:36:20,40,27,98.08,20.5,97.42,337.8,48.6,20.884000000000004
2025-06-07 22:41:20,37,39,98.08,20.5,97.42,339.0,48.4,20.834
2025-06-07 22:46:20,44,24,97.83,20.5,97.43,340.6,48.0,20.81
2025-06-07 22:51:20,42,40,97.95,20.5,97.43,339.4,48.4,20.762
2025-06-07 22:56:20,23,33,98.14,20.4,97.44,341.8,48.0,20.738
2025-06-07 23:01:20,40,34,98.1,20.4,97.45,339.6,48.2,20.69
2025-06-07 23:06:20,28,39,98.45,20.3,97.45,341.6,47.8,20.676000000000002
2025-06-07 23:11:20,34,29,98.14,20.4,97.45,341.4,47.8,20.608
2025-06-07 23:16:20,41,34,98.45,20.3,97.46,340.4,48.0,20.572
2025-06-07 23:21:20,27,28,98.43,20.2,97.46,344.0,47.6,20.56
2025-06-07 23:26:20,34,37,98.51,20.2,97.46,342.5,47.75,20.515
2025-06-07 23:31:20,29,41,98.65,20.1,97.46,344.2,47.6,20.5
2025-06-07 23:36:20,44,32,98.55,20.2,97.45,342.0,47.8,20.44
2025-06-07 23:41:20,31,27,98.55,20.2,97.45,338.8,48.4,20.412
2025-06-07 23:46:20,45,42,98.4,20.1,97.45,339.6,48.2,20.44
2025-06-07 23:51:20,39,31,98.62,20.0,97.45,341.8,47.8,20.384000000000004
2025-06-07 23:56:20,29,52,98.41,19.9,97.45,343.2,47.8,20.426000000000002
2025-06-08 00:01:20,44,38,98.64,20.2,97.45,343.8,47.4,20.44
2025-06-08 00:06:20,35,31,98.52,20.1,97.45,342.8,47.6,20.464
2025-06-08 00:11:20,47,30,98.48,20.1,97.46,338.4,48.4,20.5
2025-06-08 00:16:20,21,35,98.75,20.0,97.47,341.8,48.0,20.464
2025-06-08 00:21:20,30,37,98.44,20.1,97.47,342.0,47.8,20.451999999999998
2025-06-08 00:26:20,25,32,98.41,20.0,97.46,342.8,47.8,20.44
2025-06-08 00:31:20,30,30,98.71,20.0,97.44,344.0,47.4,20.44
2025-06-08 00:36:20,27,25,98.67,19.9,97.44,341.6,48.0,20.398000000000003
2025-06-08 00:41:20,29,40,98.41,20.0,97.44,341.2,48.0,20.37
2025-06-08 00:46:20,36,33,98.72,19.9,97.43,342.4,47.8,20.334
2025-06-08 00:51:20,27,29,98.37,19.9,97.43,342.4,47.8,20.31
2025-06-08 00:56:20,33,25,98.07,19.9,97.42,340.2,48.4,20.262
2025-06-08 01:01:20,26,43,97.98,19.8,97.42,343.0,47.8,20.25
2025-06-08 01:06:20,33,38,98.16,19.8,97.42,341.0,48.2,20.214
2025-06-08 01:11:20,31,29,98.64,19.7,97.42,343.4,47.8,20.19
2025-06-08 01:16:20,34,35,98.72,19.6,97.41,340.4,48.4,20.176000000000002
2025-06-08 01:21:20,30,25,98.5,19.6,97.40,343.0,47.8,20.134000000000004
2025-06-08 01:26:20,33,28,98.29,19.7,97.39,343.8,47.8,20.12
2025-06-08 01:31:20,34,38,98.28,19.6,97.39,342.2,48.0,20.108
2025-06-08 01:36:20,35,30,98.72,19.5,97.39,342.8,48.0,20.06
2025-06-08 01:41:20,38,38,98.45,19.5,97.38,341.2,48.2,20.024
2025-06-08 01:46:20,33,36,98.41,19.5,97.37,343.8,47.8,20.0
2025-06-08 01:51:20,39,29,98.44,19.4,97.37,342.2,48.0,19.964
2025-06-08 01:56:20,34,26,98.73,19.2,97.36,344.0,47.6,19.94
2025-06-08 02:01:20,32,31,98.61,19.3,97.36,342.4,47.6,19.94
2025-06-08 02:06:20,45,31,98.67,19.4,97.34,341.0,48.2,19.912000000000003
2025-06-08 02:11:20,40,40,98.61,19.3,97.34,341.0,48.2,19.884000000000004
2025-06-08 02:16:20,33,37,99.18,19.2,97.32,340.2,48.0,19.898000000000003
2025-06-08 02:21:20,27,33,99.29,19.4,97.32,339.8,48.2,19.87
2025-06-08 02:26:20,39,31,98.97,19.3,97.31,342.6,47.8,19.898000000000003
2025-06-08 02:31:20,25,21,98.9,19.5,97.31,339.2,48.4,19.87
2025-06-08 02:36:20,29,39,99.38,19.5,97.31,340.4,48.0,19.87
2025-06-08 02:41:20,38,35,99.43,19.5,97.30,341.2,48.0,19.898000000000003
2025-06-08 02:46:20,40,39,99.38,19.4,97.30,343.8,47.4,19.912
2025-06-08 02:51:20,34,32,99.16,19.4,97.28,337.0,48.6,19.926000000000002
2025-06-08 02:56:20,29,32,99.38,19.5,97.27,342.4,47.8,19.951999999999998
2025-06-08 03:01:20,28,31,99.29,19.6,97.26,342.4,47.8,19.988
2025-06-08 03:06:20,37,26,99.03,19.6,97.25,340.6,48.0,20.0
2025-06-08 03:11:20,31,37,99.6,19.5,97.24,339.2,48.4,20.0
2025-06-08 03:16:20,30,40,99.12,19.7,97.24,338.0,48.4,20.0
2025-06-08 03:21:20,33,29,99.47,19.5,97.23,340.4,48.0,19.964
2025-06-08 03:26:20,33,35,99.34,19.5,97.23,338.6,48.4,19.94
2025-06-08 03:31:20,34,30,99.07,19.6,97.22,342.6,47.8,19.94
2025-06-08 03:36:20,40,27,99.11,19.4,97.22,342.2,47.8,19.94
2025-06-08 03:41:20,26,32,99.5,19.3,97.21,340.0,48.2,19.94
2025-06-08 03:46:20,45,36,99.42,19.4,97.21,342.0,47.8,19.94
2025-06-08 03:51:20,28,34,99.33,19.4,97.20,339.6,48.4,19.94
2025-06-08 03:56:20,33,22,99.24,19.4,97.19,340.2,48.0,19.988
2025-06-08 04:01:20,27,36,99.51,19.4,97.16,337.8,48.6,20.0
2025-06-08 04:06:20,41,26,99.73,19.5,97.16,342.6,47.8,20.036
2025-06-08 04:11:20,42,31,99.56,19.5,97.16,342.0,47.8,20.06
2025-06-08 04:16:20,40,38,99.29,19.7,97.16,343.4,47.8,20.084
2025-06-08 04:21:20,33,43,98.98,19.8,97.16,342.0,47.8,20.12
2025-06-08 04:26:20,37,40,99.03,19.6,97.16,341.6,48.0,20.12
2025-06-08 04:31:20,46,40,99.51,19.6,97.16,338.4,48.6,20.12
2025-06-08 04:36:20,37,25,99.16,19.7,97.15,342.2,47.8,20.134000000000004
2025-06-08 04:41:20,32,40,99.33,19.7,97.14,342.4,47.8,20.134
2025-06-08 04:46:20,34,38,98.99,19.6,97.15,343.8,47.6,20.12
2025-06-08 04:51:20,32,26,99.25,19.6,97.15,342.0,48.0,20.134
2025-06-08 04:56:20,31,28,99.03,19.5,97.12,341.4,48.0,20.12
2025-06-08 05:01:20,31,30,99.34,19.5,97.13,342.4,47.8,20.12
2025-06-08 05:06:20,35,34,98.89,19.4,97.11,344.0,47.6,20.084
2025-06-08 05:11:20,39,28,97.97,19.5,97.12,343.0,47.8,20.072
2025-06-08 05:16:20,21,32,97.36,19.6,97.15,343.8,47.6,20.06
2025-06-08 05:21:20,41,34,96.0,19.9,97.11,341.6,48.0,20.06
2025-06-08 05:26:20,41,39,95.91,19.9,97.13,343.0,47.6,20.048
2025-06-08 05:31:20,40,37,95.29,20.2,97.11,339.8,48.2,20.048000000000002
2025-06-08 05:36:20,34,35,95.54,20.1,97.11,343.5,47.75,20.06
2025-06-08 05:41:20,35,35,96.31,20.2,97.08,340.6,48.4,20.06
2025-06-08 05:46:20,47,28,95.63,20.5,97.06,341.8,48.0,20.072
2025-06-08 05:51:20,31,38,95.29,20.6,97.07,342.6,48.0,20.134
2025-06-08 05:56:20,33,33,96.02,20.7,97.06,345.0,47.4,20.19
2025-06-08 06:01:20,28,41,96.3,20.7,97.07,344.0,47.6,20.238
2025-06-08 06:06:20,33,28,96.73,20.6,97.06,343.0,47.8,20.274
2025-06-08 06:11:20,22,32,96.98,20.8,97.06,343.8,47.6,20.334
2025-06-08 06:16:20,26,33,97.16,20.7,97.07,342.6,47.6,20.37
2025-06-08 06:21:20,23,42,97.1,20.8,97.09,343.2,47.8,20.398000000000003
2025-06-08 06:26:20,31,33,97.3,20.8,97.12,344.2,47.6,20.44
2025-06-08 06:31:20,40,40,97.48,20.9,97.13,342.4,48.2,20.464000000000002
2025-06-08 06:36:20,37,25,97.75,20.8,97.15,341.2,48.2,20.512
2025-06-08 06:41:20,26,36,97.85,21.1,97.16,342.2,48.0,20.596
2025-06-08 06:46:20,42,30,97.17,21.3,97.19,342.0,47.8,20.7
2025-06-08 06:51:20,34,32,97.01,21.5,97.19,343.0,47.8,20.786
2025-06-08 06:56:20,33,36,97.19,21.6,97.20,342.8,47.8,20.912
2025-06-08 07:01:20,38,27,96.8,21.7,97.23,343.2,47.8,21.012
2025-06-08 07:06:20,30,28,96.74,21.8,97.22,342.8,47.8,21.096
2025-06-08 07:11:20,33,28,96.73,21.9,97.23,344.2,47.8,21.226
2025-06-08 07:16:20,31,33,97.32,21.8,97.23,342.2,47.8,21.298000000000002
2025-06-08 07:21:20,50,20,96.73,21.9,97.26,342.2,47.8,21.412
2025-06-08 07:26:20,50,36,96.0,21.9,97.26,342.8,47.8,21.5
2025-06-08 07:31:20,24,35,94.93,22.0,97.27,344.0,47.8,21.636
2025-06-08 07:36:20,37,39,94.19,22.2,97.26,342.8,47.8,21.75
2025-06-08 07:41:20,39,31,94.22,22.3,97.24,343.8,47.8,21.886
2025-06-08 07:46:20,38,30,93.4,22.3,97.25,342.4,48.0,22.012
2025-06-08 07:51:20,37,45,93.28,22.4,97.26,342.6,47.8,22.108
2025-06-08 07:56:20,29,30,93.02,22.4,97.27,344.0,47.6,22.214000000000002
2025-06-08 08:01:20,34,29,93.31,22.4,97.28,344.6,47.6,22.310000000000002
2025-06-08 08:06:20,32,36,93.46,22.4,97.28,342.8,47.6,22.412
2025-06-08 08:11:20,34,40,94.07,22.3,97.27,342.8,47.8,22.524
2025-06-08 08:16:20,32,22,92.99,22.3,97.26,340.4,48.4,22.622
2025-06-08 08:21:20,36,49,92.24,22.4,97.26,343.2,47.8,22.726
2025-06-08 08:26:20,38,32,92.35,22.5,97.28,341.0,48.2,22.848000000000003
2025-06-08 08:31:20,28,40,92.05,22.5,97.26,344.0,47.6,23.148000000000003
2025-06-08 08:36:20,38,21,91.65,22.5,97.27,341.8,48.2,23.524
2025-06-08 08:41:20,39,43,91.31,22.6,97.29,342.8,48.0,23.848000000000003
2025-06-08 08:46:20,28,26,86.22,22.7,97.30,341.2,48.0,23.988
2025-06-08 08:51:20,24,37,83.06,22.7,97.31,341.4,48.2,24.11
2025-06-08 08:56:20,32,31,83.12,22.5,97.30,342.6,48.0,24.226
2025-06-08 09:01:20,30,27,83.03,22.4,97.31,343.4,47.6,24.25
2025-06-08 09:06:20,29,33,80.95,22.5,97.33,344.8,47.2,24.238
2025-06-08 09:11:20,36,24,81.57,22.3,97.32,343.6,47.8,24.134000000000004
2025-06-08 09:16:20,39,44,83.39,22.1,97.34,340.8,48.2,24.084
2025-06-08 09:21:20,31,31,83.18,22.0,97.35,344.4,47.6,24.048000000000002
2025-06-08 09:26:20,45,34,83.35,22.1,97.35,339.6,48.6,24.072
2025-06-08 09:31:20,37,27,84.48,22.1,97.35,342.4,48.0,24.2
2025-06-08 09:36:20,29,23,85.81,22.2,97.36,341.8,48.2,24.374
2025-06-08 09:41:20,45,39,83.96,22.5,97.35,342.8,47.8,24.686
2025-06-08 09:46:20,32,40,84.59,22.6,97.34,343.0,48.0,25.024
2025-06-08 09:51:20,39,37,81.94,22.7,97.34,343.4,47.8,25.362000000000002
2025-06-08 09:56:20,36,26,80.74,22.9,97.34,343.6,47.6,25.560000000000002
2025-06-08 10:01:20,29,34,79.64,23.0,97.35,343.6,47.8,25.619999999999997
2025-06-08 10:06:20,37,28,78.93,23.0,97.35,344.0,47.6,25.56
2025-06-08 10:11:20,41,28,78.52,22.8,97.35,343.4,47.8,25.698
2025-06-08 10:16:20,33,43,78.29,23.0,97.34,341.2,48.0,25.936
2025-06-08 10:21:20,41,36,76.67,23.3,97.34,342.8,48.0,26.286
2025-06-08 10:26:20,37,37,75.54,23.6,97.33,340.8,48.2,26.724
2025-06-08 10:31:20,45,37,73.65,23.9,97.35,343.8,47.6,27.286
2025-06-08 10:36:20,44,38,75.42,24.5,97.34,342.0,48.2,27.622000000000003
2025-06-08 10:41:20,46,39,73.67,24.2,97.34,342.8,47.8,27.786
2025-06-08 10:46:20,25,24,73.94,24.1,97.34,343.0,47.8,27.786
2025-06-08 10:51:20,34,32,77.81,24.0,97.33,342.4,47.8,27.998
2025-06-08 10:56:20,28,36,72.6,24.3,97.34,343.6,47.6,28.498
2025-06-08 11:01:20,32,36,72.96,24.6,97.36,345.2,47.4,29.160000000000004
2025-06-08 11:06:20,29,25,70.16,25.1,97.36,341.2,48.2,29.512
2025-06-08 11:11:20,28,43,70.23,25.1,97.36,341.8,48.0,29.836000000000002
2025-06-08 11:16:20,31,34,71.52,24.8,97.38,341.8,48.0,30.112000000000002
2025-06-08 11:21:20,33,44,72.98,24.5,97.39,341.6,48.2,30.148000000000003
2025-06-08 11:26:20,37,37,72.3,24.4,97.38,343.0,47.6,30.060000000000002
2025-06-08 11:31:20,35,42,73.47,24.2,97.37,343.2,47.6,29.924
2025-06-08 11:36:20,33,32,73.38,24.4,97.37,341.8,48.0,29.871999999999996
2025-06-08 11:41:20,49,37,74.2,24.4,97.37,340.6,48.4,29.897999999999996
2025-06-08 11:46:20,23,23,72.07,24.3,97.36,340.4,48.2,30.310000000000002
2025-06-08 11:51:20,33,37,73.19,24.6,97.36,343.5,47.5,30.470000000000002
2025-06-08 11:56:20,32,30,72.12,24.6,97.35,340.2,48.2,30.798000000000002
2025-06-08 12:01:20,38,31,73.19,24.6,97.36,341.8,47.8,31.472
2025-06-08 12:06:20,48,30,71.39,25.3,97.36,341.8,47.8,32.2
2025-06-08 12:11:20,34,22,70.7,25.5,97.37,342.6,47.6,32.952
2025-06-08 12:16:20,34,36,69.64,25.9,97.37,342.8,47.8,33.464
2025-06-08 12:21:20,28,39,67.75,25.9,97.37,340.0,48.2,33.654
2025-06-08 12:26:20,31,33,69.02,25.7,97.38,340.6,48.2,33.628
2025-06-08 12:31:20,41,27,71.3,25.4,97.38,342.0,48.0,33.852
2025-06-08 12:36:20,43,27,69.39,25.8,97.37,342.2,47.8,34.263999999999996
2025-06-08 12:41:20,39,34,69.0,25.8,97.37,341.2,48.0,34.476
2025-06-08 12:46:20,33,29,72.81,26.2,97.37,340.2,48.2,35.152
2025-06-08 12:51:20,34,30,71.38,26.6,97.37,340.4,48.0,36.001999999999995
2025-06-08 12:56:20,43,32,68.27,26.8,97.37,341.2,48.2,36.888
2025-06-08 13:01:20,43,38,67.56,26.8,97.37,338.8,48.4,37.326
2025-06-08 13:06:20,26,25,68.36,26.7,97.37,341.8,48.2,37.278000000000006
2025-06-08 13:11:20,35,29,68.78,26.2,97.36,340.0,48.2,37.54
2025-06-08 13:16:20,42,25,71.92,26.3,97.35,341.0,48.0,37.089999999999996
2025-06-08 13:21:20,26,30,74.13,26.1,97.35,342.0,48.0,37.074
2025-06-08 13:26:20,23,40,68.53,26.6,97.35,340.6,48.0,36.888
2025-06-08 13:31:20,40,35,71.74,27.3,97.33,340.6,48.2,36.1
2025-06-08 13:36:20,22,30,67.55,26.7,97.33,341.2,48.0,35.39
2025-06-08 13:41:20,29,28,67.98,27.0,97.32,339.8,48.2,35.412
2025-06-08 13:46:20,35,34,69.45,27.3,97.32,339.2,48.4,36.086
2025-06-08 13:51:20,34,22,65.14,27.0,97.31,338.8,48.6,36.576
2025-06-08 13:56:20,46,43,66.1,27.2,97.31,337.0,48.8,37.278
2025-06-08 14:01:20,41,24,65.69,27.2,97.31,339.4,48.4,37.726
2025-06-08 14:06:20,40,33,64.31,27.9,97.31,339.8,48.2,37.652
2025-06-08 14:11:20,45,39,67.09,27.4,97.31,339.4,48.2,38.202
2025-06-08 14:16:20,35,31,64.58,27.6,97.29,339.2,48.4,38.626
2025-06-08 14:21:20,36,22,67.02,27.6,97.30,340.4,48.2,38.714
2025-06-08 14:26:20,32,25,66.32,27.5,97.29,339.8,48.4,38.138
2025-06-08 14:31:20,34,24,71.86,26.9,97.29,340.2,48.4,37.238
2025-06-08 14:36:21,30,34,70.07,26.4,97.30,338.4,48.6,36.366
2025-06-08 14:41:20,26,29,70.21,26.5,97.30,342.0,48.0,36.8
2025-06-08 14:46:20,25,35,67.33,26.9,97.29,340.6,48.2,36.064
2025-06-08 14:51:20,33,37,68.27,26.7,97.28,340.2,48.4,35.738
2025-06-08 14:56:20,42,35,68.96,26.5,97.27,341.8,48.0,35.888
2025-06-08 15:01:20,35,35,67.87,26.7,97.27,340.4,48.2,35.314
2025-06-08 15:06:20,41,38,67.02,26.8,97.26,341.2,48.0,34.638
2025-06-08 15:11:20,36,40,69.63,26.4,97.26,341.2,48.0,34.739999999999995
2025-06-08 15:16:20,45,38,72.93,26.5,97.25,342.0,48.0,34.85
2025-06-08 15:21:20,42,25,71.46,26.4,97.25,340.2,48.2,35.452
2025-06-08 15:26:20,36,36,69.9,26.7,97.24,343.0,47.8,35.388
2025-06-08 15:31:20,32,29,70.12,26.5,97.25,343.4,47.8,35.013999999999996
2025-06-08 15:36:20,44,30,72.26,26.1,97.25,342.6,48.0,34.501999999999995
2025-06-08 15:41:20,39,36,70.93,26.0,97.24,342.6,47.8,34.088
2025-06-08 15:46:20,38,33,72.55,25.9,97.24,344.2,47.6,33.626
2025-06-08 15:51:20,41,38,72.99,26.0,97.24,343.6,47.4,33.738
2025-06-08 15:56:20,33,48,70.84,26.2,97.25,339.8,48.4,34.888
2025-06-08 16:01:20,31,40,70.41,26.5,97.25,341.8,47.6,36.876
2025-06-08 16:06:20,32,30,69.1,27.4,97.24,343.6,47.6,38.538
2025-06-08 16:11:20,39,35,67.75,27.4,97.24,343.8,47.6,39.928
2025-06-08 16:16:20,37,31,69.08,26.9,97.24,341.0,48.0,41.102
2025-06-08 16:21:20,33,27,66.85,27.3,97.24,342.8,47.8,42.114
2025-06-08 16:26:20,35,32,68.5,27.8,97.24,341.0,48.2,42.638
2025-06-08 16:31:20,42,32,65.35,27.9,97.22,342.0,47.8,42.827999999999996
2025-06-08 16:36:20,43,28,67.38,27.5,97.22,341.0,48.2,41.988
2025-06-08 16:41:20,33,44,66.52,27.0,97.20,341.4,48.2,42.074
2025-06-08 16:46:20,34,46,66.37,27.5,97.20,343.0,47.8,42.102000000000004
2025-06-08 16:51:20,30,37,67.02,27.1,97.20,341.4,48.2,42.114
2025-06-08 16:56:20,35,30,70.08,27.7,97.20,341.8,48.0,42.274
2025-06-08 17:01:20,35,34,66.38,27.1,97.20,343.0,47.8,42.404
2025-06-08 17:06:20,34,38,67.85,27.3,97.19,343.2,47.8,42.288
2025-06-08 17:11:20,34,26,67.02,27.2,97.18,342.6,47.8,42.19
2025-06-08 17:16:20,32,33,67.22,27.5,97.18,341.4,48.0,42.226
2025-06-08 17:21:20,32,31,67.18,27.8,97.17,343.0,47.8,42.298
2025-06-08 17:26:20,42,24,64.58,27.6,97.17,343.8,47.6,42.278000000000006
2025-06-08 17:31:20,30,31,67.41,27.5,97.17,344.6,47.6,41.624
2025-06-08 17:36:20,38,32,67.24,27.6,97.18,345.8,47.2,41.275999999999996
2025-06-08 17:41:20,33,23,68.2,27.3,97.18,342.4,47.8,41.352
2025-06-08 17:46:20,27,42,64.98,27.6,97.17,345.2,47.2,39.85
2025-06-08 17:51:20,28,43,65.51,27.1,97.17,344.6,47.4,39.326
2025-06-08 17:56:20,41,28,67.36,27.1,97.17,344.8,47.4,38.188
2025-06-08 18:01:20,38,33,68.18,27.3,97.17,345.2,47.2,36.676
2025-06-08 18:06:20,39,38,68.3,27.4,97.17,346.0,47.0,35.345
2025-06-08 18:11:20,28,38,67.07,27.3,97.18,345.0,47.2,34.154
2025-06-08 18:16:20,37,41,66.11,26.8,97.19,346.2,47.2,33.064
2025-06-08 18:21:20,38,25,66.16,26.8,97.19,345.0,47.4,32.114
2025-06-08 18:26:20,31,29,65.4,26.5,97.21,349.0,46.6,31.412
2025-06-08 18:31:20,29,37,69.02,26.4,97.20,347.8,46.8,30.810000000000002
2025-06-08 18:36:20,44,30,68.95,26.2,97.21,347.4,47.0,30.45
2025-06-08 18:41:20,34,34,69.45,26.2,97.21,348.4,46.8,30.322000000000003
2025-06-08 18:46:20,28,36,67.2,26.6,97.20,350.4,46.4,30.062
2025-06-08 18:51:20,39,40,68.85,26.5,97.20,348.8,46.6,29.748
2025-06-08 18:56:20,28,40,66.91,26.3,97.20,346.4,47.2,29.386000000000003
2025-06-08 19:01:20,31,30,68.95,26.1,97.20,348.8,46.8,29.048000000000002
2025-06-08 19:06:20,35,31,67.89,26.0,97.21,348.4,46.8,28.71
2025-06-08 19:11:20,33,38,67.78,25.9,97.20,348.4,46.4,28.424
2025-06-08 19:16:20,32,40,68.88,26.0,97.21,349.8,46.6,28.224
2025-06-08 19:21:20,27,30,69.55,25.9,97.20,347.4,47.0,27.998
2025-06-08 19:26:20,38,31,71.72,25.7,97.20,348.8,46.6,27.71
2025-06-08 19:31:20,36,32,69.63,25.8,97.20,351.0,46.2,27.436
2025-06-08 19:36:20,41,32,70.06,25.8,97.21,349.0,46.8,27.124000000000002
2025-06-08 19:41:20,42,34,70.56,25.7,97.21,350.2,46.4,26.838
2025-06-08 19:46:20,48,29,71.86,25.5,97.21,347.8,47.0,26.562
2025-06-08 19:51:20,36,25,72.11,25.5,97.22,347.8,46.8,26.3
2025-06-08 19:56:20,33,32,71.21,25.4,97.22,350.8,46.2,26.036
2025-06-08 20:01:20,35,32,71.95,25.3,97.22,350.0,46.4,25.836000000000002
2025-06-08 20:06:20,48,30,73.59,25.1,97.22,349.2,46.6,25.598000000000003
2025-06-08 20:11:20,30,21,72.22,25.2,97.22,350.2,46.4,25.426
2025-06-08 20:16:20,39,39,72.96,25.1,97.22,348.2,47.0,25.224
2025-06-08 20:21:20,46,38,72.61,25.0,97.23,346.8,47.0,25.036
2025-06-08 20:26:20,42,39,74.28,24.9,97.25,350.0,46.4,24.874000000000002
2025-06-08 20:31:20,31,36,75.65,24.8,97.25,347.6,47.0,24.7
2025-06-08 20:36:20,40,36,75.82,24.7,97.24,348.6,46.6,24.524
2025-06-08 20:41:20,36,35,75.94,24.7,97.25,349.0,46.6,24.336000000000002
2025-06-08 20:46:20,35,29,77.58,24.2,97.26,350.6,46.2,24.136000000000003
2025-06-08 20:51:20,38,31,80.06,24.0,97.26,349.8,46.6,23.912
2025-06-08 20:56:20,42,29,80.6,23.6,97.26,348.6,46.8,23.712
2025-06-08 21:01:20,34,38,82.17,23.3,97.26,348.6,46.6,23.474
2025-06-08 21:06:20,32,36,83.49,23.1,97.27,350.2,46.4,23.286
2025-06-08 21:11:20,34,35,83.93,22.9,97.28,352.6,46.0,23.086000000000002
2025-06-08 21:16:20,29,39,85.09,22.8,97.28,351.4,46.2,22.898000000000003
2025-06-08 21:21:20,36,35,85.72,22.6,97.29,349.0,46.6,22.714
2025-06-08 21:26:20,32,41,87.63,22.3,97.30,349.8,46.4,22.572
2025-06-08 21:31:20,35,31,88.58,22.2,97.29,354.2,45.6,22.424
2025-06-08 21:36:20,37,40,88.76,21.9,97.29,351.8,46.0,22.262
2025-06-08 21:41:20,33,40,89.02,22.0,97.30,355.0,45.6,22.148000000000003
2025-06-08 21:46:20,35,31,88.85,22.1,97.30,352.0,46.2,22.035999999999998
2025-06-08 21:51:20,38,34,89.32,22.0,97.31,351.2,46.4,21.938
2025-06-08 21:56:20,33,45,89.02,22.0,97.31,356.2,45.4,21.860000000000003
2025-06-08 22:01:20,30,38,89.02,22.0,97.33,353.4,45.8,21.774
2025-06-08 22:06:20,43,35,89.71,21.9,97.33,350.2,46.4,21.714
2025-06-08 22:11:20,36,37,89.64,21.9,97.34,354.2,45.8,21.662000000000003
2025-06-08 22:16:20,27,28,89.83,21.9,97.34,354.0,45.8,21.608
2025-06-08 22:21:20,30,40,90.11,21.8,97.34,353.4,45.8,21.56
2025-06-08 22:26:20,40,17,90.16,21.7,97.35,351.6,46.2,21.5
2025-06-08 22:31:20,51,23,89.3,21.8,97.36,355.0,45.4,21.44
2025-06-08 22:36:20,37,31,88.18,22.1,97.36,352.4,45.8,21.412000000000003
2025-06-08 22:41:20,37,32,87.41,22.3,97.37,356.2,45.2,21.384000000000004
2025-06-08 22:46:20,37,27,87.41,22.3,97.37,355.8,45.4,21.346
2025-06-08 22:51:20,40,34,87.56,22.3,97.38,356.0,45.2,21.31
2025-06-08 22:56:20,31,31,88.46,22.2,97.38,352.2,45.8,21.274
2025-06-08 23:01:20,45,33,89.02,22.0,97.39,356.4,45.0,21.201999999999998
2025-06-08 23:06:20,32,26,89.69,21.8,97.38,352.8,45.6,21.122000000000003
2025-06-08 23:11:20,38,28,89.86,21.5,97.39,357.0,45.0,21.06
2025-06-08 23:16:20,36,33,91.72,21.2,97.38,356.4,45.0,20.988
2025-06-08 23:21:20,37,30,92.45,21.1,97.38,357.2,45.0,20.898000000000003
2025-06-08 23:26:20,39,26,92.69,21.0,97.39,352.0,46.0,20.81
2025-06-08 23:31:20,31,28,93.09,21.0,97.40,354.6,45.6,20.75
2025-06-08 23:36:20,27,41,93.22,21.0,97.40,356.4,45.0,20.676000000000002
2025-06-08 23:41:20,40,30,93.14,20.9,97.40,357.2,45.0,20.584
2025-06-08 23:46:20,24,32,93.67,20.9,97.40,353.8,45.8,20.524
2025-06-08 23:51:20,38,39,93.84,20.8,97.40,356.4,45.0,20.464
2025-06-08 23:56:20,37,37,94.46,20.6,97.40,353.2,45.8,20.412
2025-06-09 00:01:20,36,33,94.92,20.6,97.41,355.6,45.2,20.358
2025-06-09 00:06:20,28,34,94.83,20.7,97.42,354.0,45.4,20.31
2025-06-09 00:11:20,34,32,94.11,20.9,97.41,354.8,45.4,20.31
2025-06-09 00:16:20,43,37,94.07,20.9,97.41,358.0,44.5,20.265
2025-06-09 00:21:20,39,45,94.77,20.8,97.43,357.2,45.0,20.25
2025-06-09 00:26:20,42,37,94.96,20.6,97.43,355.8,45.2,20.214
2025-06-09 00:31:20,29,39,95.46,20.5,97.43,353.8,45.8,20.19
2025-06-09 00:36:20,30,26,95.45,20.6,97.42,354.0,45.4,20.148000000000003
2025-06-09 00:41:20,47,41,95.67,20.4,97.41,358.8,44.6,20.12
2025-06-09 00:46:20,33,37,96.26,20.4,97.41,357.6,45.0,20.108
2025-06-09 00:51:20,40,38,96.04,20.5,97.42,354.4,45.4,20.06
2025-06-09 00:56:20,38,33,96.13,20.4,97.40,355.4,45.2,20.012
2025-06-09 01:01:20,35,35,95.97,20.2,97.40,358.6,44.8,19.988
2025-06-09 01:06:20,30,39,95.93,20.1,97.40,357.8,44.8,19.924
2025-06-09 01:11:20,40,51,96.52,20.0,97.40,359.6,44.6,19.87
2025-06-09 01:16:20,23,30,96.39,20.0,97.40,357.8,45.0,19.822
2025-06-09 01:21:20,34,34,96.95,19.9,97.40,357.2,45.0,19.798
2025-06-09 01:26:20,39,37,97.2,19.7,97.38,353.4,45.6,19.738
2025-06-09 01:31:20,31,32,97.38,19.8,97.38,357.0,45.2,19.69
2025-06-09 01:36:20,41,28,97.72,19.7,97.38,356.2,45.2,19.648000000000003
2025-06-09 01:41:20,30,37,97.94,19.8,97.37,355.0,45.4,19.596
2025-06-09 01:46:20,39,32,98.2,19.9,97.35,356.0,45.0,19.548
2025-06-09 01:51:20,47,37,98.07,19.7,97.34,358.6,44.8,19.512
2025-06-09 01:56:20,29,35,97.81,19.8,97.33,358.8,45.0,19.488
2025-06-09 02:01:20,29,22,98.33,19.6,97.32,357.8,45.0,19.44
2025-06-09 02:06:20,38,28,98.11,19.6,97.30,356.6,45.0,19.384000000000004
2025-06-09 02:11:20,33,32,97.98,19.6,97.28,355.6,45.4,19.37
2025-06-09 02:16:20,44,38,98.45,19.5,97.28,357.6,44.8,19.322
2025-06-09 02:21:20,36,24,97.87,19.4,97.28,359.6,44.8,19.31
2025-06-09 02:26:20,46,38,98.53,19.4,97.28,356.6,45.2,19.262
2025-06-09 02:31:20,29,32,98.4,19.4,97.28,358.2,45.0,19.25
2025-06-09 02:36:20,37,43,98.89,19.4,97.28,358.2,44.8,19.214
2025-06-09 02:41:20,30,29,99.07,19.6,97.29,362.8,44.4,19.19
2025-06-09 02:46:20,34,36,98.63,19.6,97.30,361.6,44.4,19.176000000000002
2025-06-09 02:51:20,42,30,98.89,19.4,97.30,357.6,45.0,19.148000000000003
2025-06-09 02:56:20,25,38,98.34,19.3,97.31,360.2,44.6,19.12
2025-06-09 03:01:20,25,26,98.62,19.1,97.30,358.4,44.8,19.12
2025-06-09 03:06:20,31,31,98.37,19.2,97.31,358.4,45.0,19.096
2025-06-09 03:11:20,39,26,98.83,19.3,97.33,362.6,44.2,19.06
2025-06-09 03:16:20,36,27,98.98,19.1,97.33,358.4,45.0,19.048
2025-06-09 03:21:20,35,30,98.53,19.1,97.29,357.0,45.2,19.0
2025-06-09 03:26:20,35,33,98.71,19.4,97.28,358.8,45.0,19.0
2025-06-09 03:31:20,46,34,99.21,19.6,97.29,355.2,45.4,19.0
2025-06-09 03:36:20,34,34,98.89,19.4,97.28,360.2,44.6,18.988
2025-06-09 03:41:20,36,30,99.02,19.4,97.31,358.6,45.0,18.964000000000002
2025-06-09 03:46:20,26,38,99.33,19.3,97.32,359.8,44.8,18.988
2025-06-09 03:51:20,41,49,99.04,19.2,97.33,357.2,45.0,18.952
2025-06-09 03:56:20,37,30,98.83,19.3,97.33,361.0,44.6,18.94
2025-06-09 04:01:20,26,45,99.56,19.4,97.34,358.4,45.0,18.926000000000002
2025-06-09 04:06:20,26,29,99.42,19.4,97.34,354.0,45.6,18.884000000000004
2025-06-09 04:11:20,39,35,98.91,19.2,97.33,361.2,44.4,18.884000000000004
2025-06-09 04:16:20,33,45,99.32,19.2,97.32,358.0,45.0,18.87
2025-06-09 04:21:20,36,19,99.37,19.0,97.30,358.8,44.8,18.87
2025-06-09 04:26:20,32,37,99.01,19.0,97.28,357.8,45.2,18.846
2025-06-09 04:31:20,40,40,98.98,19.1,97.30,359.0,44.8,18.822
2025-06-09 04:36:20,35,47,99.28,19.0,97.31,361.6,44.2,18.798
2025-06-09 04:41:20,39,39,98.78,19.0,97.33,358.8,44.6,18.75
2025-06-09 04:46:20,41,40,99.22,18.9,97.33,361.8,44.2,18.738
2025-06-09 04:51:20,34,36,99.33,18.8,97.34,358.8,44.8,18.69
2025-06-09 04:56:20,40,36,99.37,19.0,97.33,358.6,45.0,18.634000000000004
2025-06-09 05:01:20,49,38,99.33,19.0,97.35,360.0,44.6,18.62
2025-06-09 05:06:20,36,31,99.33,18.8,97.34,361.4,44.2,18.62
2025-06-09 05:11:20,42,35,99.39,18.7,97.34,359.0,44.8,18.608
2025-06-09 05:16:20,46,30,99.26,19.1,97.35,359.4,44.6,18.572
2025-06-09 05:21:20,30,28,99.26,18.9,97.35,362.6,44.0,18.56
2025-06-09 05:26:20,44,45,99.08,18.9,97.36,360.4,44.4,18.56
2025-06-09 05:31:20,32,38,99.7,18.8,97.35,360.0,44.8,18.536
2025-06-09 05:36:20,37,31,99.35,18.7,97.35,357.6,45.0,18.524
2025-06-09 05:41:20,33,30,99.33,18.8,97.37,361.8,44.2,18.512
2025-06-09 05:46:20,27,32,99.4,18.9,97.38,362.0,44.2,18.5
2025-06-09 05:51:20,40,31,99.39,18.7,97.38,359.0,44.8,18.5
2025-06-09 05:56:20,38,38,99.3,18.7,97.38,361.6,44.4,18.5
2025-06-09 06:01:20,38,39,99.3,18.7,97.39,359.0,44.8,18.5
2025-06-09 06:06:20,41,30,99.44,18.7,97.38,363.2,44.0,18.512
2025-06-09 06:11:20,38,39,99.42,18.8,97.38,362.0,44.2,18.524
2025-06-09 06:16:20,28,36,99.59,19.2,97.38,362.8,44.0,18.56
2025-06-09 06:21:20,29,42,99.56,19.0,97.39,361.6,44.2,18.572
2025-06-09 06:26:20,32,30,99.92,19.0,97.41,361.6,44.4,18.634
2025-06-09 06:31:20,29,38,99.47,19.4,97.42,364.5,43.5,18.6725
2025-06-09 06:36:20,37,35,99.82,19.5,97.42,359.8,44.8,18.714000000000002
2025-06-09 06:41:20,31,42,99.82,19.5,97.44,360.0,44.6,18.774
2025-06-09 06:46:20,23,43,99.77,19.3,97.43,364.8,43.6,18.822
2025-06-09 06:51:20,34,41,99.86,19.3,97.44,358.2,45.0,18.884
2025-06-09 06:56:20,31,33,99.77,19.3,97.45,360.6,44.2,18.952
2025-06-09 07:01:20,42,25,99.65,19.5,97.46,360.8,44.4,19.048000000000002
2025-06-09 07:06:20,36,29,99.64,19.7,97.46,358.8,45.0,19.134
2025-06-09 07:11:20,40,34,99.82,19.6,97.46,361.4,44.2,19.262
2025-06-09 07:16:20,37,43,99.91,19.6,97.46,362.8,44.2,19.386
2025-06-09 07:21:20,40,26,99.51,19.7,97.46,363.0,44.0,19.548000000000002
2025-06-09 07:26:20,42,26,99.86,19.7,97.46,361.4,44.4,19.910000000000004
2025-06-09 07:31:20,38,33,99.58,19.9,97.46,364.0,43.6,20.75
2025-06-09 07:36:20,36,34,99.97,19.9,97.46,361.0,44.4,21.474
2025-06-09 07:41:20,41,36,99.69,20.0,97.46,362.6,44.0,22.386000000000003
2025-06-09 07:46:20,38,41,99.92,20.3,97.46,360.4,44.2,23.436
2025-06-09 07:51:20,37,44,99.54,20.7,97.45,358.0,44.8,24.312
2025-06-09 07:56:20,30,33,99.02,20.8,97.46,362.0,44.2,24.834000000000003
2025-06-09 08:01:20,32,33,98.73,20.9,97.45,358.2,44.8,25.112000000000002
2025-06-09 08:06:20,39,45,97.36,20.9,97.44,360.8,44.2,25.662
2025-06-09 08:11:20,33,34,97.33,21.3,97.44,360.8,44.4,26.386000000000003
2025-06-09 08:16:20,40,41,94.33,21.7,97.43,364.2,43.8,27.05
2025-06-09 08:21:20,40,35,93.11,22.0,97.43,361.4,44.4,27.736
2025-06-09 08:26:20,35,41,90.73,22.4,97.42,361.0,44.4,28.372000000000003
2025-06-09 08:31:20,43,38,88.77,22.8,97.44,361.8,44.0,28.986
2025-06-09 08:36:20,38,24,88.23,22.9,97.44,361.8,44.4,29.51
2025-06-09 08:41:20,34,37,87.95,23.3,97.44,361.0,44.4,29.96
2025-06-09 08:46:20,41,37,88.51,23.3,97.45,359.2,44.8,30.336000000000002
2025-06-09 08:51:20,32,35,87.11,23.8,97.45,361.0,44.0,30.598000000000003
2025-06-09 08:56:20,44,17,85.11,23.8,97.46,357.2,45.4,30.822000000000003
2025-06-09 09:01:20,42,41,85.11,23.9,97.46,360.2,44.4,30.926
2025-06-09 09:06:20,37,40,83.26,24.3,97.47,358.0,45.2,30.886000000000003
2025-06-09 09:11:20,39,40,83.49,24.2,97.47,357.8,44.6,30.624000000000002
2025-06-09 09:16:20,36,30,83.52,24.2,97.47,358.8,45.0,30.324
2025-06-09 09:21:20,45,28,82.98,24.6,97.48,360.0,44.6,30.088
2025-06-09 09:26:20,42,35,80.81,24.8,97.49,360.2,44.6,29.748
2025-06-09 09:31:20,37,34,81.12,25.0,97.49,357.8,45.2,29.498
2025-06-09 09:36:20,48,38,79.94,24.8,97.48,361.2,44.4,29.238
2025-06-09 09:41:20,37,36,81.44,25.2,97.49,360.4,44.6,29.238
2025-06-09 09:46:20,36,28,79.88,25.2,97.50,359.2,44.8,29.486
2025-06-09 09:51:20,33,19,80.26,25.6,97.50,361.0,44.4,29.624000000000002
2025-06-09 09:56:20,43,25,78.75,25.2,97.50,357.8,45.0,29.810000000000002
2025-06-09 10:01:20,37,37,79.9,25.6,97.50,358.2,45.0,30.186
2025-06-09 10:06:20,30,39,78.58,25.9,97.50,356.8,45.2,30.474
2025-06-09 10:11:20,48,26,78.61,26.1,97.50,357.6,44.8,30.724
2025-06-09 10:16:20,30,31,79.77,26.3,97.50,361.8,44.2,30.821999999999996
2025-06-09 10:21:20,36,35,77.49,26.0,97.50,356.0,45.4,30.822000000000003
2025-06-09 10:26:20,39,28,78.8,25.6,97.50,357.8,45.0,30.848000000000003
2025-06-09 10:31:20,30,25,78.78,26.0,97.50,356.4,45.2,30.836000000000002
2025-06-09 10:36:20,34,33,77.24,26.1,97.49,357.6,45.0,31.222
2025-06-09 10:41:20,28,31,76.78,26.5,97.49,358.4,44.8,31.424
2025-06-09 10:46:20,29,31,73.77,26.4,97.48,356.0,45.4,31.464
2025-06-09 10:51:20,41,30,75.97,26.5,97.48,357.2,45.0,31.586000000000002
2025-06-09 10:56:20,41,45,73.91,26.4,97.48,358.0,45.0,31.872000000000003
2025-06-09 11:01:20,28,29,72.2,26.5,97.47,358.2,45.0,32.2
2025-06-09 11:06:20,45,38,69.49,27.2,97.46,358.4,44.8,32.327999999999996
2025-06-09 11:11:20,34,34,70.7,26.7,97.43,355.6,45.4,32.489999999999995
2025-06-09 11:16:20,43,42,70.43,26.6,97.42,356.8,45.2,32.839999999999996
2025-06-09 11:21:20,27,47,68.01,27.5,97.41,356.8,45.4,33.25
2025-06-09 11:26:20,32,37,70.52,27.7,97.41,357.4,45.2,33.778
2025-06-09 11:31:20,36,38,66.05,27.4,97.41,359.2,44.6,34.338
2025-06-09 11:36:20,31,28,64.16,27.5,97.40,360.0,44.6,35.102
2025-06-09 11:41:20,35,49,62.47,28.2,97.40,358.4,44.6,36.19
2025-06-09 11:46:20,34,35,62.89,28.4,97.40,357.6,45.2,36.564
2025-06-09 11:51:20,30,35,64.14,28.2,97.40,358.8,44.8,35.678
2025-06-09 11:56:20,33,25,65.71,27.2,97.43,356.0,45.0,34.45
2025-06-09 12:01:20,46,28,73.38,26.3,97.45,357.2,45.0,32.512
2025-06-09 12:06:20,26,32,85.26,23.1,97.54,354.6,45.6,30.262
2025-06-09 12:11:20,43,38,89.82,21.6,97.55,358.0,44.8,28.274
2025-06-09 12:16:20,37,35,91.67,20.7,97.54,355.6,45.4,26.726
2025-06-09 12:21:20,30,41,94.25,20.7,97.55,353.2,45.8,25.786
2025-06-09 12:26:20,30,39,93.39,20.6,97.55,354.6,45.6,25.624000000000002
2025-06-09 12:31:20,45,47,93.13,21.0,97.53,360.8,44.4,26.334000000000003
2025-06-09 12:36:20,30,32,93.07,21.9,97.51,355.2,45.2,27.560000000000002
2025-06-09 12:41:20,29,32,92.1,22.3,97.50,359.25,44.75,28.515
2025-06-09 12:46:20,38,35,90.51,22.7,97.48,357.4,44.8,29.25
2025-06-09 12:51:20,36,37,92.29,23.2,97.47,354.6,45.4,30.274
2025-06-09 12:56:20,50,35,91.39,23.9,97.44,352.4,45.8,31.55
2025-06-09 13:01:20,26,33,87.9,24.2,97.43,355.0,45.4,33.114
2025-06-09 13:06:20,35,33,85.83,24.8,97.42,355.4,45.2,34.54
2025-06-09 13:11:20,39,40,84.04,24.6,97.40,356.6,45.2,35.452
2025-06-09 13:16:20,41,36,82.79,24.4,97.37,354.2,45.4,35.69
2025-06-09 13:21:20,20,37,84.35,24.7,97.39,355.2,45.6,35.39
2025-06-09 13:26:20,41,36,81.89,24.9,97.38,354.2,45.6,34.676
2025-06-09 13:31:20,34,27,81.19,24.4,97.39,352.6,46.0,33.95399999999999
2025-06-09 13:36:20,34,34,82.2,24.5,97.38,353.0,45.8,33.501999999999995
2025-06-09 13:41:20,23,34,80.66,24.4,97.38,353.0,46.0,32.775999999999996
2025-06-09 13:46:20,28,30,80.6,24.4,97.39,353.2,46.0,32.476
2025-06-09 13:51:20,41,24,79.3,24.8,97.36,354.0,45.6,32.775999999999996
2025-06-09 13:56:20,38,31,79.49,25.4,97.36,355.8,45.4,34.364
2025-06-09 14:01:20,33,31,78.73,25.7,97.35,356.2,45.4,35.227999999999994
2025-06-09 14:06:20,33,41,74.66,26.0,97.34,353.0,45.8,35.589999999999996
2025-06-09 14:11:20,35,31,76.54,25.7,97.34,353.4,45.8,35.088
2025-06-09 14:16:20,37,32,74.67,25.4,97.33,353.6,45.8,34.589999999999996
2025-06-09 14:21:20,39,49,75.47,25.2,97.33,355.2,45.4,34.392
2025-06-09 14:26:20,35,30,74.84,25.5,97.31,353.4,45.8,34.676
2025-06-09 14:31:20,36,20,76.12,25.9,97.29,354.6,45.6,35.088
2025-06-09 14:36:20,47,40,72.69,26.2,97.28,352.4,46.0,35.876
2025-06-09 14:41:20,30,47,71.38,26.1,97.25,352.0,46.0,35.44
2025-06-09 14:46:20,50,48,73.31,25.5,97.25,353.6,45.6,34.926
2025-06-09 14:51:20,43,37,75.69,25.4,97.23,350.2,46.4,34.126
2025-06-09 14:56:20,37,38,74.6,24.9,97.24,354.4,45.4,33.525999999999996
2025-06-09 15:01:20,36,40,77.57,25.3,97.27,353.0,45.8,33.702
2025-06-09 15:06:20,51,38,72.6,25.7,97.28,355.4,45.4,34.366
2025-06-09 15:11:20,46,31,73.0,25.9,97.29,353.6,45.8,35.29
2025-06-09 15:16:20,37,36,71.6,26.2,97.28,352.6,46.0,36.416
2025-06-09 15:21:20,33,38,70.04,26.7,97.28,351.8,45.8,36.738
2025-06-09 15:26:20,30,41,71.41,26.6,97.27,352.6,45.8,37.564
2025-06-09 15:31:20,46,31,72.64,26.6,97.27,352.6,46.0,38.1
2025-06-09 15:36:20,38,30,69.73,26.7,97.26,349.4,46.4,37.476
2025-06-09 15:41:20,32,38,69.63,26.2,97.26,352.2,46.0,37.826
2025-06-09 15:46:20,35,31,70.7,26.7,97.26,348.6,46.6,36.562
2025-06-09 15:51:20,36,42,68.84,26.3,97.27,349.6,46.4,35.114
2025-06-09 15:56:20,30,31,68.95,25.9,97.27,350.8,46.4,33.525999999999996
2025-06-09 16:01:20,39,40,68.85,25.5,97.27,352.2,46.2,32.214
2025-06-09 16:06:20,46,40,72.72,25.3,97.27,349.2,46.6,31.136000000000003
2025-06-09 16:11:20,42,39,70.87,25.2,97.26,351.0,46.2,30.21
2025-06-09 16:16:20,49,26,72.3,25.1,97.26,352.0,46.0,29.386000000000003
2025-06-09 16:21:20,37,36,77.39,24.7,97.26,351.6,45.8,28.588
2025-06-09 16:26:20,34,39,83.31,23.8,97.27,349.4,46.4,27.986
2025-06-09 16:31:20,35,23,83.57,23.3,97.26,351.2,46.0,27.498
2025-06-09 16:36:20,37,36,88.23,23.3,97.27,353.8,45.4,26.998
2025-06-09 16:41:20,32,44,88.17,23.1,97.27,351.4,46.2,27.524
2025-06-09 16:46:20,39,26,89.77,23.5,97.25,353.8,45.6,28.424
2025-06-09 16:51:20,35,39,89.17,24.1,97.24,352.2,46.0,28.998
2025-06-09 16:56:20,33,50,82.98,24.6,97.22,352.0,46.0,29.736
2025-06-09 17:01:20,35,26,83.26,24.9,97.22,351.6,46.0,30.438
2025-06-09 17:06:20,33,37,82.0,25.5,97.22,351.2,46.2,30.860000000000003
2025-06-09 17:11:20,38,29,79.63,25.5,97.23,355.4,45.4,31.348000000000003
2025-06-09 17:16:20,38,35,78.59,25.5,97.23,351.0,46.2,31.802
2025-06-09 17:21:20,46,26,77.03,25.8,97.22,351.2,46.2,31.962
2025-06-09 17:26:20,31,32,80.62,26.1,97.22,354.0,45.4,31.698
2025-06-09 17:31:20,34,47,76.09,25.4,97.21,355.4,45.4,31.476
2025-06-09 17:36:20,44,32,74.03,25.3,97.21,351.6,46.2,31.464
2025-06-09 17:41:20,45,30,77.2,25.3,97.21,353.0,45.8,31.424
2025-06-09 17:46:20,35,36,79.84,25.6,97.21,353.0,45.8,31.148000000000003
2025-06-09 17:51:20,29,36,75.92,25.3,97.20,355.0,45.4,30.698
2025-06-09 17:56:20,34,28,80.94,25.2,97.20,353.4,45.8,30.2
2025-06-09 18:01:20,42,36,82.26,25.0,97.20,352.0,46.0,29.748
2025-06-09 18:06:20,37,42,80.77,24.9,97.21,353.4,45.8,29.488
2025-06-09 18:11:20,42,45,81.38,24.9,97.21,352.6,46.0,29.333999999999996
2025-06-09 18:16:20,46,32,78.0,25.2,97.22,354.0,45.6,29.226
2025-06-09 18:21:20,44,31,78.88,25.2,97.22,355.4,45.4,29.072000000000003
2025-06-09 18:26:20,37,34,77.94,25.2,97.22,355.6,45.4,28.9
2025-06-09 18:31:20,31,34,77.84,25.2,97.24,357.4,45.0,28.674
2025-06-09 18:36:20,30,41,77.48,25.0,97.25,353.6,45.6,28.410000000000004
2025-06-09 18:41:20,36,37,80.35,25.1,97.25,354.2,45.6,28.088
2025-06-09 18:46:20,34,35,80.78,24.8,97.26,353.4,45.8,27.759999999999998
2025-06-09 18:51:20,30,40,78.98,24.8,97.27,355.6,45.4,27.374000000000002
2025-06-09 18:56:20,35,35,80.94,24.8,97.2'),355.25,45.5,26.9825
2025-06-09 19:01:20,39,40,81.22,24.5,97.28,356.0,45.4,26.686
2025-06-09 19:06:20,28,32,81.24,24.3,97.28,355.2,45.0,26.412
2025-06-09 19:11:20,33,41,83.62,24.3,97.28,355.6,45.4,26.238
2025-06-09 19:16:20,35,26,83.78,24.3,97.27,355.8,45.4,26.036
2025-06-09 19:21:20,28,35,81.93,24.2,97.27,355.4,45.4,25.886000000000003
2025-06-09 19:26:20,48,33,81.84,24.3,97.27,356.0,45.4,25.712
2025-06-09 19:31:20,40,29,81.77,24.3,97.26,354.8,45.4,25.524
2025-06-09 19:36:20,43,23,82.23,24.2,97.26,355.8,45.2,25.322
2025-06-09 19:41:20,37,40,82.39,24.2,97.27,356.4,45.0,25.162000000000003
2025-06-09 19:46:20,38,38,82.89,24.1,97.26,358.4,44.8,25.024
2025-06-09 19:51:20,38,33,83.59,24.0,97.26,356.0,45.4,24.926000000000002
2025-06-09 19:56:20,36,37,83.59,24.0,97.27,358.2,45.0,24.846
2025-06-09 20:01:20,36,49,83.72,24.1,97.27,360.4,44.6,24.774
2025-06-09 20:06:20,31,26,83.69,24.0,97.27,355.6,45.4,24.75
2025-06-09 20:11:20,29,23,83.45,24.0,97.28,355.2,45.4,24.69
2025-06-09 20:16:20,33,35,82.68,24.0,97.29,358.4,44.8,24.634000000000004
2025-06-09 20:21:20,31,42,83.96,23.9,97.30,359.4,44.6,24.584
2025-06-09 20:26:20,39,37,83.66,24.0,97.30,357.2,45.0,24.45
2025-06-09 20:31:20,50,32,82.03,23.9,97.29,357.0,45.2,24.31
2025-06-09 20:36:20,30,38,83.03,23.8,97.30,360.4,44.6,24.124000000000002
2025-06-09 20:41:20,49,36,82.9,23.6,97.30,357.6,45.0,23.95
2025-06-09 20:46:20,34,30,84.01,23.4,97.29,358.2,44.8,23.774
2025-06-09 20:51:20,39,33,84.3,23.5,97.30,359.2,44.8,23.624000000000002
2025-06-09 20:56:20,40,36,84.68,23.2,97.30,358.4,45.0,23.462
2025-06-09 21:01:20,35,35,86.13,23.0,97.30,356.8,45.4,23.31
2025-06-09 21:06:20,38,45,86.53,23.0,97.31,359.6,44.6,23.148000000000003
2025-06-09 21:11:20,38,25,86.46,22.8,97.32,356.4,45.2,23.012
2025-06-09 21:16:20,35,35,86.73,22.7,97.32,358.2,44.6,22.884000000000004
2025-06-09 21:21:20,48,20,87.17,22.7,97.32,356.4,45.4,22.822
2025-06-09 21:26:20,41,36,87.99,22.6,97.31,360.4,44.6,22.75
2025-06-09 21:31:20,42,38,88.02,22.6,97.31,358.6,45.0,22.662000000000003
2025-06-09 21:36:20,50,43,88.6,22.5,97.32,357.0,45.4,22.572
2025-06-09 21:41:20,45,40,88.4,22.4,97.33,357.6,45.0,22.512
2025-06-09 21:46:20,26,39,89.32,22.4,97.34,361.4,44.4,22.464
2025-06-09 21:51:20,42,26,89.28,22.4,97.33,359.6,44.8,22.44
2025-06-09 21:56:20,42,35,88.56,22.3,97.33,361.0,44.4,22.358
2025-06-09 22:01:20,39,44,90.21,22.1,97.33,358.8,44.8,22.285999999999998
2025-06-09 22:06:20,33,31,89.7,22.2,97.35,359.2,44.8,22.226
2025-06-09 22:11:20,36,31,90.74,21.9,97.36,361.6,44.6,22.108
2025-06-09 22:16:20,26,38,90.93,21.9,97.37,362.0,44.2,22.012
2025-06-09 22:21:20,36,33,91.34,21.8,97.38,360.8,44.4,21.898000000000003
2025-06-09 22:26:20,21,39,91.6,21.6,97.38,358.8,44.8,21.798
2025-06-09 22:31:20,38,41,92.49,21.4,97.40,360.0,44.6,21.688
2025-06-09 22:36:20,36,31,93.5,21.3,97.40,361.0,44.4,21.596
2025-06-09 22:41:20,24,47,93.93,21.1,97.40,360.4,44.2,21.512
2025-06-09 22:46:20,26,25,94.26,21.0,97.40,360.4,44.4,21.426000000000002
2025-06-09 22:51:20,54,30,94.22,21.0,97.40,361.0,44.2,21.358
2025-06-09 22:56:20,34,35,94.72,20.9,97.41,363.8,44.0,21.285999999999998
2025-06-09 23:01:20,36,36,94.64,20.9,97.41,363.0,43.8,21.226
2025-06-09 23:06:20,35,30,95.14,20.8,97.42,360.0,44.6,21.176000000000002
2025-06-09 23:11:20,38,30,95.25,20.9,97.42,359.4,44.6,21.12
2025-06-09 23:16:20,34,33,95.23,21.0,97.41,360.0,44.6,21.084
2025-06-09 23:21:20,41,38,95.55,20.8,97.41,358.2,44.8,21.072
2025-06-09 23:26:20,32,31,95.89,20.7,97.41,362.4,44.2,21.0
2025-06-09 23:31:20,42,43,95.77,20.7,97.41,362.8,44.0,20.964
2025-06-09 23:36:20,36,42,96.0,20.8,97.41,361.6,44.2,20.926000000000002
2025-06-09 23:41:20,33,34,95.83,20.8,97.41,359.8,44.6,20.87
2025-06-09 23:46:20,37,45,96.36,20.6,97.41,362.8,44.0,20.822
2025-06-09 23:51:20,39,35,95.79,20.5,97.41,360.6,44.4,20.798
2025-06-09 23:56:20,29,31,96.33,20.5,97.41,361.8,44.2,20.738
2025-06-10 00:01:20,19,39,96.43,20.3,97.41,362.6,44.0,20.69
2025-06-10 00:06:20,38,30,96.89,20.4,97.42,359.8,44.4,20.62
2025-06-10 00:11:20,29,39,96.87,20.5,97.42,362.0,44.2,20.596
2025-06-10 00:16:20,48,40,96.97,20.4,97.41,362.8,44.0,20.56
2025-06-10 00:21:20,42,40,97.39,20.4,97.41,364.2,43.6,20.5
2025-06-10 00:26:20,43,36,96.89,20.4,97.41,360.8,44.4,20.5
2025-06-10 00:31:20,39,32,97.5,20.1,97.43,362.6,44.0,20.488
2025-06-10 00:36:20,28,37,97.57,20.3,97.44,364.2,43.8,20.44
2025-06-10 00:41:20,44,31,97.66,20.2,97.44,368.2,43.2,20.44
2025-06-10 00:46:20,38,32,97.58,20.2,97.45,364.6,43.8,20.384
2025-06-10 00:51:20,36,30,98.06,20.1,97.45,359.8,44.6,20.37
2025-06-10 00:56:20,39,32,97.81,20.0,97.45,362.8,44.2,20.358
2025-06-10 01:01:20,39,29,98.11,20.0,97.46,363.2,44.0,20.31
2025-06-10 01:06:20,28,34,98.16,19.9,97.48,362.2,44.0,20.31
2025-06-10 01:11:20,41,30,98.1,20.1,97.48,362.25,44.0,20.31
2025-06-10 01:16:20,40,25,97.92,20.2,97.48,363.6,43.8,20.358
2025-06-10 01:21:20,40,28,98.33,20.5,97.48,362.6,44.0,20.488
2025-06-10 01:26:20,29,32,98.58,20.5,97.49,361.6,44.4,20.572
2025-06-10 01:31:20,42,44,98.51,20.6,97.48,364.0,44.0,20.66
2025-06-10 01:36:20,34,44,98.48,20.7,97.48,362.2,44.2,20.75
2025-06-10 01:41:20,36,31,97.82,20.7,97.47,364.6,43.8,20.798
2025-06-10 01:46:20,31,33,97.8,20.6,97.48,361.4,44.2,20.774
2025-06-10 01:51:20,40,44,97.72,20.4,97.47,367.6,43.2,20.738
2025-06-10 01:56:20,28,24,97.95,20.3,97.47,364.2,43.8,20.662
2025-06-10 02:01:20,32,30,97.76,20.4,97.48,364.0,43.8,20.584
2025-06-10 02:06:20,36,36,97.95,20.3,97.49,362.2,44.2,20.512
2025-06-10 02:11:20,52,38,97.93,20.4,97.49,364.0,44.0,20.5
2025-06-10 02:16:20,29,34,97.97,20.6,97.49,368.6,43.0,20.5
2025-06-10 02:21:20,35,32,97.74,20.5,97.49,363.6,44.0,20.451999999999998
2025-06-10 02:26:20,33,36,97.76,20.6,97.49,366.8,43.2,20.426000000000002
2025-06-10 02:31:20,40,32,97.62,20.5,97.48,362.4,44.0,20.384000000000004
2025-06-10 02:36:20,30,35,97.54,20.5,97.47,363.4,43.8,20.358
2025-06-10 02:41:20,39,34,97.69,20.3,97.47,367.0,43.4,20.31
2025-06-10 02:46:20,33,32,97.65,20.3,97.47,363.4,44.0,20.298
2025-06-10 02:51:20,29,32,97.62,20.2,97.47,364.6,43.6,20.25
2025-06-10 02:56:20,35,28,97.76,20.1,97.47,362.6,44.4,20.226
2025-06-10 03:01:20,34,36,98.35,20.1,97.47,365.0,43.6,20.226
2025-06-10 03:06:20,38,41,98.48,20.1,97.47,363.4,44.0,20.25
2025-06-10 03:11:20,39,29,98.3,20.2,97.46,362.6,44.0,20.25
2025-06-10 03:16:20,34,37,98.82,20.1,97.46,364.8,43.8,20.25
2025-06-10 03:21:20,35,42,98.7,20.3,97.46,365.6,43.4,20.262
2025-06-10 03:26:20,41,35,98.34,20.2,97.46,361.8,44.4,20.262
2025-06-10 03:31:20,39,29,98.58,20.0,97.45,361.2,44.4,20.25
2025-06-10 03:36:20,39,35,98.58,20.0,97.45,365.4,43.6,20.25
2025-06-10 03:41:20,43,27,99.05,20.0,97.45,367.4,43.4,20.25
2025-06-10 03:46:20,37,30,98.61,20.1,97.45,363.2,44.0,20.25
2025-06-10 03:51:20,36,39,98.97,19.9,97.45,366.0,43.2,20.238
2025-06-10 03:56:20,33,37,98.95,20.1,97.45,367.8,43.0,20.19
2025-06-10 04:01:20,40,37,98.91,20.1,97.45,362.6,44.2,20.19
2025-06-10 04:06:20,28,33,98.98,20.2,97.45,366.2,43.4,20.19
2025-06-10 04:11:20,39,46,98.48,20.1,97.46,366.0,43.4,20.176000000000002
2025-06-10 04:16:20,29,29,99.09,20.0,97.46,365.8,43.4,20.162
2025-06-10 04:21:20,36,37,98.96,20.0,97.47,365.2,43.6,20.12
2025-06-10 04:26:20,36,38,98.57,20.1,97.46,365.2,43.6,20.12
2025-06-10 04:31:20,35,35,99.06,19.9,97.47,366.4,43.2,20.06
2025-06-10 04:36:20,37,39,98.85,19.9,97.48,365.0,43.6,20.048
2025-06-10 04:41:20,35,26,98.71,20.0,97.48,367.2,43.2,20.0
2025-06-10 04:46:20,45,35,98.59,19.9,97.49,361.4,44.4,19.951999999999998
2025-06-10 04:51:20,43,26,98.68,19.8,97.50,366.6,43.4,19.94
2025-06-10 04:56:20,44,28,98.76,19.9,97.50,365.4,43.6,19.94
2025-06-10 05:01:20,34,37,99.2,19.8,97.50,363.0,44.0,20.0
2025-06-10 05:06:20,35,38,99.12,20.1,97.50,367.8,43.0,20.096
2025-06-10 05:11:20,32,34,99.48,20.0,97.50,363.4,43.8,20.176
2025-06-10 05:16:20,35,39,99.08,20.3,97.51,362.6,44.2,20.262
2025-06-10 05:21:20,37,29,99.4,20.2,97.52,364.6,43.6,20.31
2025-06-10 05:26:20,47,34,98.98,20.2,97.52,368.8,42.6,20.372
2025-06-10 05:31:20,31,36,98.87,20.3,97.52,368.4,43.0,20.464000000000002
2025-06-10 05:36:20,38,33,98.89,20.4,97.52,368.4,43.0,20.5
2025-06-10 05:41:20,29,33,98.74,20.5,97.53,364.8,43.6,20.572
2025-06-10 05:46:20,34,31,98.77,20.4,97.53,363.0,44.0,20.596
2025-06-10 05:51:20,33,36,98.93,20.4,97.54,366.6,43.4,20.648
2025-06-10 05:56:20,33,36,98.99,20.5,97.53,365.0,43.6,20.69
2025-06-10 06:01:20,34,45,98.37,20.5,97.54,366.2,43.2,20.726
2025-06-10 06:06:20,47,34,98.55,20.6,97.55,365.2,43.8,20.75
2025-06-10 06:11:20,32,32,98.34,20.6,97.55,361.0,44.6,20.774
2025-06-10 06:16:20,28,27,98.58,20.5,97.55,363.8,43.8,20.786
2025-06-10 06:21:20,42,29,98.18,20.6,97.56,366.2,43.2,20.81
2025-06-10 06:26:20,43,34,98.18,20.6,97.56,366.4,43.2,20.81
2025-06-10 06:31:20,41,39,98.18,20.6,97.57,364.6,43.8,20.858
2025-06-10 06:36:20,38,40,98.33,20.5,97.57,364.0,43.8,20.87
2025-06-10 06:41:20,37,44,97.23,20.6,97.58,365.6,43.4,20.87
2025-06-10 06:46:20,36,27,98.01,20.6,97.57,365.6,43.6,20.884000000000004
2025-06-10 06:51:20,47,33,97.43,20.6,97.58,368.6,43.0,20.87
2025-06-10 06:56:20,26,34,97.64,20.6,97.59,365.8,43.4,20.81
2025-06-10 07:01:20,36,37,97.56,20.6,97.60,365.8,43.6,20.81
2025-06-10 07:06:20,40,30,97.27,20.6,97.61,366.6,43.2,20.81
2025-06-10 07:11:20,34,33,97.54,20.5,97.61,364.0,44.0,20.87
2025-06-10 07:16:20,35,40,97.31,20.6,97.60,370.0,42.6,20.884
2025-06-10 07:21:20,39,31,97.16,20.5,97.62,360.5,44.75,20.94
2025-06-10 07:26:20,25,31,96.87,20.5,97.62,365.2,43.4,21.0
2025-06-10 07:31:20,35,34,96.24,20.6,97.62,362.4,44.2,21.096
2025-06-10 07:36:20,32,38,96.43,20.7,97.63,365.2,43.6,21.226
2025-06-10 07:41:20,34,31,95.56,20.7,97.63,365.6,43.4,21.336000000000002
2025-06-10 07:46:20,34,40,95.81,20.7,97.63,366.8,43.2,21.438
2025-06-10 07:51:20,40,31,95.39,20.8,97.64,370.4,42.4,21.572
2025-06-10 07:56:20,24,42,95.43,20.8,97.66,366.4,43.4,21.648
2025-06-10 08:01:20,39,26,94.61,20.8,97.67,366.6,43.4,21.726
2025-06-10 08:06:20,28,34,94.73,20.8,97.67,364.6,43.6,21.786
2025-06-10 08:11:20,41,32,94.68,20.9,97.68,366.8,43.0,21.81
2025-06-10 08:16:20,42,40,94.58,20.7,97.69,367.8,43.0,21.846
2025-06-10 08:21:20,35,33,94.94,20.8,97.69,364.2,43.8,21.926
2025-06-10 08:26:20,34,36,93.88,20.8,97.69,366.2,43.2,22.024
2025-06-10 08:31:20,39,32,93.43,20.7,97.68,365.2,43.6,22.096
2025-06-10 08:36:20,40,32,92.82,20.8,97.70,363.6,44.0,22.162
2025-06-10 08:41:20,27,35,93.43,20.8,97.70,365.8,43.6,22.238
2025-06-10 08:46:20,38,30,94.44,20.9,97.71,368.0,42.8,22.398
2025-06-10 08:51:20,34,31,93.62,21.0,97.72,365.2,43.6,22.612000000000002
2025-06-10 08:56:20,29,36,92.57,21.0,97.73,367.4,43.0,22.874000000000002
2025-06-10 09:01:20,40,28,91.8,21.1,97.73,365.4,43.2,23.236
2025-06-10 09:06:20,23,31,90.97,21.2,97.74,365.8,43.4,23.562
2025-06-10 09:11:20,35,27,90.84,21.4,97.74,364.6,43.8,23.812
2025-06-10 09:16:20,44,30,89.9,21.5,97.75,364.6,43.6,24.062
2025-06-10 09:21:20,37,29,89.19,21.5,97.76,366.0,43.6,24.636000000000003
2025-06-10 09:26:20,33,34,87.57,22.2,97.76,365.2,43.8,25.524
2025-06-10 09:31:20,35,30,84.6,23.0,97.75,362.4,44.2,26.262
2025-06-10 09:36:20,36,26,81.7,22.9,97.75,365.6,43.4,26.036
2025-06-10 09:41:20,41,25,84.65,22.3,97.75,364.2,43.6,26.198
2025-06-10 09:46:20,33,28,86.69,22.4,97.75,365.6,43.6,26.333999999999996
2025-06-10 09:51:20,36,33,84.08,22.2,97.76,365.0,43.8,26.736
2025-06-10 09:56:20,35,34,83.61,22.9,97.75,364.6,43.8,27.137999999999998
2025-06-10 10:01:20,39,26,82.14,23.1,97.76,366.4,43.4,27.538
2025-06-10 10:06:20,30,39,83.62,23.2,97.77,361.6,44.4,28.024
2025-06-10 10:11:20,43,35,84.48,23.3,97.76,365.4,43.8,28.238
2025-06-10 10:16:20,36,39,81.68,23.3,97.78,366.6,43.4,28.190000000000005
2025-06-10 10:21:20,29,38,81.75,23.2,97.78,360.0,45.0,28.286
2025-06-10 10:26:20,33,41,81.02,23.3,97.78,363.0,44.0,28.786
2025-06-10 10:31:20,39,45,79.68,24.1,97.78,364.4,44.0,29.134000000000004
2025-06-10 10:36:20,40,45,79.34,24.2,97.77,363.8,44.0,29.336000000000002
2025-06-10 10:41:20,42,36,77.81,23.6,97.77,363.4,44.2,29.7
2025-06-10 10:46:20,34,35,78.75,24.0,97.76,362.8,44.2,30.062
2025-06-10 10:51:20,34,38,78.58,24.2,97.75,365.4,43.6,30.012
2025-06-10 10:56:20,31,32,77.58,24.0,97.76,362.8,43.8,30.012
2025-06-10 11:01:20,33,28,79.7,24.6,97.76,367.2,43.2,30.112000000000002
2025-06-10 11:06:20,32,36,77.3,24.9,97.76,365.0,43.6,30.648000000000003
2025-06-10 11:11:20,40,32,78.59,25.0,97.75,362.6,44.2,31.272000000000002
2025-06-10 11:16:20,36,42,74.98,25.0,97.75,365.2,43.6,31.560000000000002
2025-06-10 11:21:20,35,30,73.92,25.5,97.75,366.8,43.2,31.662
2025-06-10 11:26:20,29,28,71.77,24.9,97.75,364.2,44.0,32.074
2025-06-10 11:31:20,38,39,73.16,25.4,97.76,363.2,44.0,32.89
2025-06-10 11:36:20,34,26,72.51,25.6,97.76,359.8,44.6,33.275999999999996
2025-06-10 11:41:20,35,37,73.73,25.6,97.76,362.8,44.0,33.538
2025-06-10 11:46:20,37,35,73.43,25.5,97.76,364.0,43.6,33.976
2025-06-10 11:51:20,46,39,74.16,25.6,97.75,364.0,43.8,34.376
2025-06-10 11:56:20,34,28,71.83,25.9,97.76,362.2,44.0,34.426
2025-06-10 12:01:20,37,36,71.26,26.0,97.76,364.6,43.6,34.39
2025-06-10 12:06:20,37,28,75.82,25.8,97.76,360.6,44.4,33.974000000000004
2025-06-10 12:11:20,36,30,72.2,25.8,97.77,363.6,43.8,33.464
2025-06-10 12:16:20,35,35,71.38,25.8,97.77,361.0,44.2,33.39
2025-06-10 12:21:20,34,35,72.6,25.6,97.77,363.0,43.8,34.164
2025-06-10 12:26:20,42,27,76.54,26.7,97.78,361.6,44.2,34.438
2025-06-10 12:31:20,40,42,76.74,26.4,97.77,363.6,43.8,35.052
2025-06-10 12:36:20,33,35,71.49,26.9,97.78,362.2,44.2,34.902
2025-06-10 12:41:20,33,25,71.3,26.7,97.77,361.4,44.4,34.552
2025-06-10 12:46:20,40,30,70.86,26.6,97.77,362.2,44.2,34.676
2025-06-10 12:51:20,30,32,72.55,26.5,97.76,360.8,44.4,36.275999999999996
2025-06-10 12:56:20,41,41,69.94,27.3,97.76,359.6,44.6,36.775999999999996
2025-06-10 13:01:20,36,40,68.73,26.6,97.76,361.0,44.4,37.14
2025-06-10 13:06:20,21,36,68.61,26.8,97.75,358.6,44.8,36.489999999999995
2025-06-10 13:11:20,37,24,70.1,26.9,97.75,361.4,44.2,35.576
2025-06-10 13:16:20,33,32,70.69,26.6,97.74,359.2,44.6,34.738
2025-06-10 13:21:20,47,34,72.75,26.5,97.75,360.8,44.4,35.288
2025-06-10 13:26:20,39,36,67.75,27.1,97.73,359.6,44.6,35.152
2025-06-10 13:31:20,42,46,67.49,27.5,97.73,359.4,44.8,35.676
2025-06-10 13:36:20,26,21,63.29,27.8,97.72,357.5,45.0,35.89
2025-06-10 13:41:20,34,29,65.31,27.7,97.72,357.6,45.0,36.564
2025-06-10 13:46:20,30,36,65.81,28.1,97.70,357.0,45.0,38.188
2025-06-10 13:51:20,54,27,64.27,28.5,97.70,356.8,45.0,39.574
2025-06-10 13:56:20,38,44,64.29,28.3,97.69,357.8,45.2,40.712
2025-06-10 14:01:20,37,33,66.72,28.3,97.67,355.0,45.4,41.662
2025-06-10 14:06:20,39,30,67.62,28.8,97.66,354.6,45.4,42.524
2025-06-10 14:11:20,30,47,61.88,28.6,97.64,355.2,45.2,43.052
2025-06-10 14:16:20,48,26,60.22,28.7,97.64,356.4,45.4,42.402
2025-06-10 14:21:20,43,37,63.2,28.4,97.65,354.4,45.4,40.976
2025-06-10 14:26:20,25,35,64.78,28.1,97.63,351.6,46.2,39.19
2025-06-10 14:31:20,34,34,66.02,27.6,97.67,353.0,46.0,37.464
2025-06-10 14:36:20,35,38,71.29,25.8,97.67,352.6,46.0,35.876
2025-06-10 14:41:20,32,28,74.65,25.3,97.66,353.0,45.8,33.962
2025-06-10 14:46:20,27,36,76.27,24.4,97.67,353.2,45.8,32.126
2025-06-10 14:51:20,42,43,86.16,23.3,97.68,353.0,45.6,30.236
2025-06-10 14:56:20,32,35,89.85,22.7,97.72,343.8,47.6,28.562
2025-06-10 15:01:20,32,29,91.67,22.0,97.77,339.2,48.4,27.024
2025-06-10 15:06:20,35,27,91.37,21.6,97.82,335.6,49.2,25.738
2025-06-10 15:11:20,30,33,92.16,20.2,97.73,335.4,49.2,24.774
2025-06-10 15:16:20,32,40,94.47,20.0,97.71,334.8,49.2,24.112000000000002
2025-06-10 15:21:20,40,32,95.74,19.9,97.76,334.4,49.4,23.648000000000003
2025-06-10 15:26:20,30,44,95.89,20.1,97.75,333.6,49.4,23.31
2025-06-10 15:31:20,26,30,95.84,20.4,97.70,335.2,49.0,23.25
2025-06-10 15:36:20,32,37,95.56,20.7,97.70,334.0,49.2,23.310000000000002
2025-06-10 15:41:20,37,27,95.4,20.7,97.69,335.2,49.2,23.562
2025-06-10 15:46:20,42,43,96.33,21.1,97.71,335.0,49.2,23.810000000000002
2025-06-10 15:51:20,47,32,95.18,21.2,97.74,336.0,48.8,24.024
2025-06-10 15:56:20,29,32,93.79,21.4,97.72,335.2,49.0,24.212
2025-06-10 16:01:20,26,33,95.76,21.5,97.72,334.6,49.4,24.358
2025-06-10 16:06:20,37,37,95.8,21.6,97.73,335.0,49.2,24.488
2025-06-10 16:11:20,33,31,96.4,21.8,97.71,335.0,49.0,24.748
2025-06-10 16:16:20,24,28,94.94,21.9,97.70,335.4,49.0,25.136000000000003
2025-06-10 16:21:20,35,35,93.29,22.3,97.70,337.2,48.8,25.536
2025-06-10 16:26:20,28,33,91.02,22.4,97.71,335.2,49.0,25.948
2025-06-10 16:31:20,35,36,93.25,22.8,97.72,336.0,49.0,26.338
2025-06-10 16:36:20,32,44,89.42,22.9,97.71,334.8,49.2,26.698
2025-06-10 16:41:20,30,28,89.81,23.0,97.71,335.2,49.0,27.074
2025-06-10 16:46:20,40,31,91.34,23.2,97.70,334.2,49.4,27.610000000000003
2025-06-10 16:51:20,35,35,91.22,23.4,97.70,334.2,49.4,28.174
2025-06-10 16:56:20,38,31,86.58,23.7,97.69,335.8,49.0,28.51
2025-06-10 17:01:20,36,23,89.53,23.9,97.70,334.4,49.2,29.398000000000003
2025-06-10 17:06:20,31,31,89.47,24.1,97.69,333.4,49.6,29.559999999999995
2025-06-10 17:11:20,29,31,85.17,24.3,97.71,336.6,49.0,29.512
2025-06-10 17:16:20,39,35,88.5,24.4,97.71,333.8,49.2,30.222
2025-06-10 17:21:20,32,40,87.8,24.2,97.71,334.2,49.2,32.251999999999995
2025-06-10 17:26:20,31,29,82.73,25.3,97.70,335.2,49.2,33.838
2025-06-10 17:31:20,43,35,80.23,25.6,97.70,333.6,49.8,35.262
2025-06-10 17:36:20,28,38,73.74,25.8,97.70,334.6,49.0,36.64
2025-06-10 17:41:20,28,30,72.0,26.3,97.70,334.8,49.2,37.852
2025-06-10 17:46:20,43,32,73.59,26.4,97.69,334.6,49.2,38.674
2025-06-10 17:51:20,41,26,80.25,27.2,97.69,335.0,49.0,38.436
2025-06-10 17:56:20,47,36,80.8,26.7,97.70,334.2,49.0,37.466
2025-06-10 18:01:20,44,25,79.64,26.5,97.70,335.0,49.2,36.288
2025-06-10 18:06:20,33,27,74.86,27.2,97.70,335.2,49.0,34.94
2025-06-10 18:11:20,21,35,74.55,26.8,97.69,334.4,49.4,33.702
2025-06-10 18:16:20,36,38,76.67,26.2,97.68,334.8,49.4,32.576
2025-06-10 18:21:20,39,33,77.96,26.4,97.67,334.2,49.4,31.574
2025-06-10 18:26:20,44,32,81.41,26.3,97.66,335.2,49.0,30.76
2025-06-10 18:31:20,33,26,77.74,26.6,97.67,336.6,48.8,30.110000000000003
2025-06-10 18:36:20,35,38,75.93,27.0,97.68,335.8,49.0,29.574
2025-06-10 18:41:20,39,40,78.19,26.9,97.68,334.8,49.0,29.036
2025-06-10 18:46:20,27,28,74.75,26.8,97.69,335.8,49.0,28.474
2025-06-10 18:51:20,38,38,80.24,26.2,97.69,333.2,49.8,28.160000000000004
2025-06-10 18:56:20,33,29,80.8,25.8,97.70,335.4,49.0,28.162
2025-06-10 19:01:20,34,29,79.33,25.9,97.71,335.0,49.0,27.874000000000002
2025-06-10 19:06:20,32,34,78.99,25.8,97.70,335.6,49.2,27.536
2025-06-10 19:11:20,29,31,81.24,25.6,97.71,336.4,49.0,27.262
2025-06-10 19:16:20,35,26,80.39,25.4,97.71,335.2,49.2,27.072000000000003
2025-06-10 19:21:20,28,29,82.71,25.1,97.70,336.0,49.0,26.95
2025-06-10 19:26:20,38,37,82.14,24.9,97.71,335.4,49.0,26.810000000000002
2025-06-10 19:31:20,35,28,85.42,25.0,97.72,335.6,49.2,26.598000000000003
2025-06-10 19:36:20,38,28,87.55,24.5,97.71,335.8,49.2,26.398000000000003
2025-06-10 19:41:20,30,36,89.21,24.5,97.70,335.8,49.0,26.226
2025-06-10 19:46:20,31,40,88.55,24.6,97.71,335.4,49.0,26.072000000000003
2025-06-10 19:51:20,36,30,86.96,24.7,97.73,335.5,49.25,25.9375
2025-06-10 19:56:20,34,23,83.7,24.9,97.74,335.2,49.2,25.774
2025-06-10 20:01:20,36,46,83.12,25.1,97.75,335.8,49.0,25.596
2025-06-10 20:06:20,39,34,83.28,25.2,97.77,334.8,49.2,25.438
2025-06-10 20:11:20,28,30,84.56,25.0,97.77,336.8,49.0,25.224
2025-06-10 20:16:20,31,32,85.35,24.8,97.78,337.2,48.8,24.962
2025-06-10 20:21:20,30,39,86.18,24.6,97.78,336.0,49.0,24.724
2025-06-10 20:26:20,35,31,86.76,24.4,97.78,335.6,49.0,24.512
2025-06-10 20:31:20,30,37,87.68,24.3,97.78,336.6,49.0,24.285999999999998
2025-06-10 20:36:20,34,32,89.6,24.0,97.78,336.4,49.0,24.074
2025-06-10 20:41:20,38,35,90.34,23.7,97.78,335.6,49.0,23.886000000000003
2025-06-10 20:46:20,35,32,91.15,23.5,97.79,336.8,48.6,23.7
2025-06-10 20:51:20,40,27,93.1,23.2,97.80,336.8,49.0,23.56
2025-06-10 20:56:20,28,31,93.45,23.1,97.80,337.0,48.8,23.424
2025-06-10 21:01:20,25,29,94.37,23.1,97.80,337.6,49.0,23.346
2025-06-10 21:06:20,26,28,94.23,23.0,97.81,337.0,48.8,23.285999999999998
2025-06-10 21:11:20,18,27,94.23,23.0,97.82,336.2,49.0,23.238
2025-06-10 21:16:20,38,31,94.59,23.0,97.83,335.6,49.2,23.214
2025-06-10 21:21:20,30,34,92.26,23.4,97.81,336.8,48.8,23.176000000000002
2025-06-10 21:26:20,27,32,90.81,23.5,97.82,337.6,48.8,23.096
2025-06-10 21:31:20,30,26,90.97,23.4,97.83,336.4,48.8,23.024
2025-06-10 21:36:20,46,40,92.32,23.2,97.85,338.8,48.4,22.951999999999998
2025-06-10 21:41:20,38,45,92.85,23.2,97.86,335.8,49.0,22.94
2025-06-10 21:46:20,26,32,88.31,23.1,97.89,335.8,48.8,22.976
2025-06-10 21:51:20,28,43,90.03,23.2,97.90,334.8,49.2,22.976
2025-06-10 21:56:20,35,46,89.44,23.1,97.91,337.2,48.4,22.94
2025-06-10 22:01:20,34,30,91.0,22.9,97.90,337.4,48.6,22.926000000000002
2025-06-10 22:06:20,24,43,90.79,22.8,97.90,337.2,48.8,22.87
2025-06-10 22:11:20,35,50,88.79,22.6,97.91,337.4,48.8,22.81
2025-06-10 22:16:20,33,33,88.94,22.6,97.92,338.8,48.6,22.7
2025-06-10 22:21:20,32,28,89.83,22.3,97.93,337.4,48.8,22.548
2025-06-10 22:26:20,38,33,90.72,22.0,97.94,337.2,48.8,22.348000000000003
2025-06-10 22:31:20,27,32,91.76,21.6,97.94,339.6,48.2,22.174
2025-06-10 22:36:20,33,34,92.44,21.2,97.95,339.4,48.2,21.974
2025-06-10 22:41:20,29,30,93.46,21.0,97.95,340.6,48.2,21.786
2025-06-10 22:46:20,24,42,94.41,20.8,97.96,338.0,48.8,21.586000000000002
2025-06-10 22:51:20,32,26,95.18,20.8,97.97,339.2,48.4,21.424
2025-06-10 22:56:20,35,38,95.4,20.7,97.97,338.6,48.6,21.262
2025-06-10 23:01:20,27,36,95.87,20.5,97.97,339.8,48.2,21.134000000000004
2025-06-10 23:06:20,32,19,96.36,20.6,97.98,339.2,48.4,21.024
2025-06-10 23:11:20,30,33,96.87,20.5,97.97,338.0,48.6,20.938
2025-06-10 23:16:20,37,32,96.72,20.4,97.97,341.0,48.2,20.834
2025-06-10 23:21:20,39,34,97.35,20.4,97.98,338.0,48.6,20.738
2025-06-10 23:26:20,41,41,97.53,20.3,97.97,340.6,48.0,20.662000000000003
2025-06-10 23:31:20,31,43,97.79,20.5,97.97,338.0,48.6,20.608
2025-06-10 23:36:20,27,41,97.52,20.6,97.97,337.0,48.8,20.56
2025-06-10 23:41:20,37,27,97.66,20.5,97.96,338.8,48.4,20.512
2025-06-10 23:46:20,33,34,97.82,20.3,97.96,340.2,48.2,20.488
2025-06-10 23:51:20,36,28,97.71,20.2,97.96,338.8,48.4,20.44
2025-06-10 23:56:20,44,35,98.62,20.5,97.96,338.8,48.6,20.37
2025-06-11 00:01:20,35,37,98.03,20.7,97.95,340.4,48.0,20.322
2025-06-11 00:06:20,42,37,98.16,20.3,97.96,339.6,48.4,20.274
2025-06-11 00:11:20,32,32,98.26,20.2,97.96,339.0,48.4,20.238
2025-06-11 00:16:20,37,27,98.51,20.2,97.95,337.2,48.8,20.19
2025-06-11 00:21:20,44,32,98.19,20.0,97.97,338.8,48.4,20.12
2025-06-11 00:26:20,34,44,98.81,20.2,97.97,338.8,48.4,20.048
2025-06-11 00:31:20,35,31,98.38,20.2,97.97,339.0,48.2,19.988
2025-06-11 00:36:20,37,35,98.33,19.9,97.98,341.0,48.4,19.94
2025-06-11 00:41:20,33,30,98.28,19.9,97.98,339.6,48.2,19.884000000000004
2025-06-11 00:46:20,40,33,98.63,19.9,97.99,337.6,48.6,19.846
2025-06-11 00:51:20,46,32,98.46,19.9,97.98,341.0,48.0,19.798
2025-06-11 00:56:20,40,26,98.97,19.9,97.99,341.0,48.0,19.75
2025-06-11 01:01:20,33,33,98.74,20.1,98.00,340.0,48.2,19.714
2025-06-11 01:06:20,35,40,98.96,20.0,97.99,339.0,48.6,19.676000000000002
2025-06-11 01:11:20,33,43,98.96,20.0,97.99,338.0,48.6,19.662
2025-06-11 01:16:20,39,29,98.68,19.8,97.99,338.6,48.6,19.648000000000003
2025-06-11 01:21:20,30,37,99.15,19.9,97.98,341.2,48.0,19.608
2025-06-11 01:26:20,40,28,98.76,19.9,97.97,340.8,48.0,19.572
2025-06-11 01:31:20,37,40,98.94,19.7,97.97,343.0,47.8,19.535999999999998
2025-06-11 01:36:20,34,43,98.76,19.5,97.95,340.6,48.2,19.5
2025-06-11 01:41:20,38,29,99.25,19.7,97.95,342.0,48.0,19.464
2025-06-11 01:46:20,29,33,98.81,19.8,97.95,341.8,47.8,19.451999999999998
2025-06-11 01:51:20,29,33,98.99,19.7,97.94,341.0,48.2,19.384000000000004
2025-06-11 01:56:20,26,35,99.25,19.6,97.93,341.2,48.0,19.37
2025-06-11 02:01:20,35,33,98.7,19.3,97.93,341.0,48.0,19.325
2025-06-11 02:06:20,37,26,99.33,19.4,97.93,340.6,48.0,19.285999999999998
2025-06-11 02:11:20,36,44,99.07,19.5,97.92,342.2,48.0,19.238
2025-06-11 02:16:20,37,38,98.98,19.5,97.93,341.6,48.0,19.226
2025-06-11 02:21:20,33,32,99.27,19.2,97.93,340.4,48.2,19.19
2025-06-11 02:26:20,34,32,98.94,19.1,97.93,341.8,48.0,19.134000000000004
2025-06-11 02:31:20,36,30,98.92,19.0,97.93,339.2,48.4,19.108
2025-06-11 02:36:20,30,41,99.57,19.1,97.93,340.2,48.2,19.035999999999998
2025-06-11 02:41:20,32,36,99.47,19.0,97.93,340.0,48.2,18.988
2025-06-11 02:46:20,27,28,99.35,18.9,97.93,340.8,48.0,18.94
2025-06-11 02:51:20,46,38,99.6,19.0,97.93,340.8,48.2,18.884000000000004
2025-06-11 02:56:20,30,42,99.26,19.1,97.93,341.0,48.2,18.822
2025-06-11 03:01:20,26,34,99.3,19.1,97.92,339.6,48.4,18.81
2025-06-11 03:06:20,26,32,99.12,19.1,97.91,343.0,47.6,18.81
2025-06-11 03:11:20,30,36,99.6,19.0,97.92,340.2,48.4,18.81
2025-06-11 03:16:20,33,28,99.03,18.9,97.91,341.6,48.0,18.81
2025-06-11 03:21:20,30,30,99.58,18.7,97.90,339.6,48.4,18.774
2025-06-11 03:26:20,33,36,99.64,18.6,97.90,343.0,48.0,18.75
2025-06-11 03:31:20,31,39,99.08,18.6,97.91,341.4,48.2,18.688
2025-06-11 03:36:20,33,34,99.16,18.7,97.90,338.6,48.6,18.662
2025-06-11 03:41:20,24,30,99.46,18.6,97.90,342.4,47.8,18.596
2025-06-11 03:46:20,37,44,99.23,18.5,97.89,340.8,48.2,18.56
2025-06-11 03:51:20,34,36,99.22,18.6,97.90,341.6,48.0,18.512
2025-06-11 03:56:20,31,49,99.24,18.4,97.91,341.6,48.0,18.488
2025-06-11 04:01:20,38,37,99.05,18.2,97.91,340.6,48.2,18.451999999999998
2025-06-11 04:06:20,41,39,99.39,18.2,97.93,341.2,48.0,18.384000000000004
2025-06-11 04:11:20,30,34,99.87,18.2,97.92,343.2,47.8,18.358
2025-06-11 04:16:20,30,34,99.48,18.4,97.92,340.0,48.0,18.334
2025-06-11 04:21:20,28,45,99.69,18.6,97.92,340.2,48.4,18.31
2025-06-11 04:26:20,39,34,99.47,18.5,97.92,342.4,47.6,18.31
2025-06-11 04:31:20,58,30,99.51,18.5,97.92,341.4,48.2,18.31
2025-06-11 04:36:20,38,40,100.03,18.5,97.93,341.4,48.0,18.31
2025-06-11 04:41:20,38,37,99.75,18.5,97.94,341.6,48.0,18.334
2025-06-11 04:46:20,45,32,99.97,18.6,97.94,342.8,48.0,18.412
2025-06-11 04:51:20,30,41,99.89,18.5,97.93,344.4,47.6,18.44
2025-06-11 04:56:20,47,30,99.42,18.5,97.94,339.8,48.6,18.44
2025-06-11 05:01:20,33,23,99.5,18.6,97.95,343.0,47.8,18.44
2025-06-11 05:06:20,38,30,99.67,18.7,97.95,341.2,48.0,18.488
2025-06-11 05:11:20,35,29,99.7,18.8,97.95,344.8,47.4,18.488
2025-06-11 05:16:20,35,30,99.67,18.9,97.95,344.6,47.6,18.56
2025-06-11 05:21:20,38,33,99.49,18.9,97.95,344.2,47.6,18.56
2025-06-11 05:26:20,38,36,100.02,18.8,97.95,342.0,47.8,18.56
2025-06-11 05:31:20,36,28,99.51,18.8,97.95,341.0,48.0,18.584
2025-06-11 05:36:20,35,38,99.97,19.0,97.95,342.4,48.0,18.608
2025-06-11 05:41:20,39,37,99.78,19.0,97.95,342.8,48.0,18.634
2025-06-11 05:46:20,45,37,99.9,18.9,97.96,345.0,47.6,18.62
2025-06-11 05:51:20,35,26,99.44,18.7,97.95,343.6,47.6,18.608
2025-06-11 05:56:20,41,34,99.86,18.7,97.96,344.4,47.6,18.572
2025-06-11 06:01:20,37,36,99.55,18.6,97.96,341.8,47.8,18.524
2025-06-11 06:06:20,31,38,99.55,18.6,97.96,343.4,47.8,18.5
2025-06-11 06:11:20,33,44,99.89,18.5,97.97,343.0,47.6,18.451999999999998
2025-06-11 06:16:20,31,34,99.52,18.4,97.98,342.6,47.6,18.464
2025-06-11 06:21:20,32,32,99.53,18.2,97.99,344.8,47.6,18.426000000000002
2025-06-11 06:26:20,37,25,99.87,18.2,98.00,342.8,47.8,18.37
2025-06-11 06:31:20,31,34,99.68,18.2,98.00,342.6,47.8,18.346
2025-06-11 06:36:20,35,35,99.24,18.2,98.00,340.8,48.2,18.37
2025-06-11 06:41:20,39,35,99.48,18.1,98.01,344.4,47.6,18.346
2025-06-11 06:46:20,32,31,99.62,18.0,98.01,342.4,48.0,18.37
2025-06-11 06:51:20,40,34,99.57,17.9,98.02,345.0,47.4,18.358
2025-06-11 06:56:20,26,36,99.69,17.7,98.03,344.2,47.6,18.384
2025-06-11 07:01:20,29,32,99.72,18.0,98.03,342.2,48.2,18.426
2025-06-11 07:06:20,39,42,99.72,18.1,98.04,345.8,47.6,18.476
2025-06-11 07:11:20,34,34,99.82,18.0,98.04,344.8,47.6,18.560000000000002
2025-06-11 07:16:20,38,33,99.68,18.2,98.05,344.4,47.4,18.662
2025-06-11 07:21:20,37,21,99.44,18.2,98.05,343.6,47.6,18.762
2025-06-11 07:26:20,27,30,99.87,18.2,98.06,343.4,48.0,19.112000000000002
2025-06-11 07:31:20,38,32,99.77,18.3,98.07,344.8,47.4,19.686
2025-06-11 07:36:20,35,31,99.63,18.3,98.08,342.6,47.8,20.248
2025-06-11 07:41:20,39,31,99.64,18.6,98.09,343.8,47.6,21.0
2025-06-11 07:46:20,35,35,99.86,18.9,98.09,343.0,47.8,21.810000000000002
2025-06-11 07:51:20,27,36,99.99,19.2,98.09,342.4,47.6,22.574
2025-06-11 07:56:20,40,30,99.95,19.6,98.08,344.0,47.6,23.312
2025-06-11 08:01:20,43,36,99.25,19.7,98.08,345.2,47.4,23.938
2025-06-11 08:06:20,39,22,99.44,20.0,98.09,344.2,47.6,24.524
2025-06-11 08:11:20,37,27,98.82,20.1,98.09,343.4,47.6,25.074
2025-06-11 08:16:20,28,31,98.16,19.9,98.09,343.75,47.75,25.545
2025-06-11 08:21:20,34,36,93.86,20.2,98.10,342.6,47.8,25.936
2025-06-11 08:26:20,27,29,93.55,20.5,98.11,343.6,47.8,26.386000000000003
2025-06-11 08:31:20,40,23,92.36,21.2,98.11,342.2,48.0,26.85
2025-06-11 08:36:20,29,23,91.55,21.7,98.11,340.6,48.2,27.274
2025-06-11 08:41:20,31,39,88.45,22.0,98.11,343.4,47.8,27.698
2025-06-11 08:46:20,41,31,87.61,22.1,98.12,342.0,48.0,28.062
2025-06-11 08:51:20,35,29,86.66,21.9,98.12,344.0,47.6,28.25
2025-06-11 08:56:20,30,37,84.97,22.1,98.13,344.2,47.6,28.386000000000003
2025-06-11 09:01:20,24,34,85.06,22.3,98.13,342.2,47.8,28.476
2025-06-11 09:06:20,32,35,81.1,23.0,98.14,342.8,47.8,28.262
2025-06-11 09:11:20,39,22,81.59,22.6,98.15,342.4,48.0,28.086000000000002
2025-06-11 09:16:20,28,29,78.72,23.0,98.14,341.8,48.0,27.848000000000003
2025-06-11 09:21:20,32,32,77.91,23.2,98.14,342.2,47.8,27.612000000000002
2025-06-11 09:26:20,40,38,79.94,23.4,98.15,340.6,48.2,27.286
2025-06-11 09:31:20,32,26,76.87,23.7,98.16,341.6,48.0,27.024
2025-06-11 09:36:20,33,27,72.2,24.0,98.16,339.2,48.4,26.748
2025-06-11 09:41:20,33,41,70.09,24.0,98.16,342.4,47.6,26.524
2025-06-11 09:46:20,32,33,74.68,24.1,98.17,341.0,48.2,26.360000000000003
2025-06-11 09:51:20,34,28,74.81,24.3,98.18,341.6,48.2,26.357999999999997
2025-06-11 09:56:20,40,28,70.11,24.6,98.17,341.4,48.0,26.5
2025-06-11 10:01:20,30,38,69.18,24.7,98.17,341.6,48.2,26.798000000000002
2025-06-11 10:06:20,35,37,69.7,25.0,98.18,341.6,48.0,27.160000000000004
2025-06-11 10:11:20,36,32,70.79,24.8,98.18,343.2,47.6,27.6
2025-06-11 10:16:20,28,30,71.01,24.8,98.19,342.6,48.0,28.074
2025-06-11 10:21:20,35,38,73.61,24.9,98.19,342.8,47.8,28.562
2025-06-11 10:26:20,31,40,67.93,25.1,98.20,342.4,48.0,28.874000000000002
2025-06-11 10:31:20,38,26,71.44,25.6,98.19,341.2,47.8,29.212
2025-06-11 10:36:20,33,26,71.96,25.6,98.19,342.4,48.0,29.413999999999998
2025-06-11 10:41:20,42,33,59.23,25.8,98.19,341.0,48.2,29.426
2025-06-11 10:46:20,24,28,60.02,25.9,98.19,340.4,48.0,29.334000000000003
2025-06-11 10:51:20,32,30,62.37,25.7,98.18,342.2,47.8,29.201999999999998
2025-06-11 10:56:20,33,32,63.73,26.1,98.18,342.6,48.0,29.095999999999997
2025-06-11 11:01:20,49,29,66.91,26.0,98.18,339.6,48.0,29.119999999999997
2025-06-11 11:06:20,35,39,63.68,26.2,98.17,341.8,48.0,29.2
2025-06-11 11:11:20,28,24,66.27,26.5,98.18,342.4,48.0,29.426
2025-06-11 11:16:20,25,41,56.36,26.3,98.19,341.4,48.0,29.412
2025-06-11 11:21:20,22,33,60.76,26.1,98.19,340.2,48.0,29.46
2025-06-11 11:26:20,25,29,65.06,26.0,98.18,341.2,48.2,29.848000000000003
2025-06-11 11:31:20,36,33,63.19,26.3,98.17,341.0,48.0,30.524
